name,family,CAGR,Vol,Sharpe,MaxDD,Ulcer,Calmar,CAGR_00_12,DD_00_12,Ulc_00_12,CAGR_13_26,DD_13_26,Ulc_13_26,AvgL,Turnover,xs_vs_DD,xs_vs_Ulcer,xs_vs_Vol,xs_Ulc_00_12,xs_Ulc_13_26,xs_DD_00_12,xs_DD_13_26,static_L_same_Ulcer,robust
static 0.50,static,0.09865727534973012,0.09951747760007996,0.5733314900513939,-0.19227878199497228,0.04118147228528997,0.513094967245579,0.07279492201419901,-0.19227878199497228,0.05027486176987197,0.12377005014063447,-0.1478177126887129,0.030063353428657635,0.5,0.14977711738484398,0.0,0.0,0.0,0.0,0.0,0.0,0.0,0.5,0.0
static 0.55,static,0.103793641944538,0.10946922362519997,0.5733312726736564,-0.21076179725028688,0.047420806043167056,0.49246895451968214,0.0752153533633042,-0.21076179725028688,0.05835615025489325,0.13160887688208778,-0.16220604263768723,0.03386453175693274,0.5499999999999999,0.1647548291233284,0.0,0.0,0.0,0.0,0.0,0.0,0.0,0.55,0.0
static 0.60,static,0.10884410964234204,0.11942096933493622,0.5733310552956802,-0.22898098993518734,0.053805202771868975,0.47534124851652604,0.07752896779767515,-0.22898098993518734,0.06664793750404788,0.13939493015060345,-0.17646343103571716,0.03769682364276455,0.5999999999999999,0.17973254086181278,0.0,0.0,0.0,0.0,0.0,0.0,0.0,0.6,0.0
static 0.65,static,0.11380726207216907,0.12937271472930126,0.573330837917444,-0.24693528433169354,0.06029894464589132,0.4608788994257237,0.07973505733127295,-0.24693528433169354,0.07510458685329348,0.14712632888948596,-0.1905888614295932,0.04153986305591803,0.6500000000000001,0.1947102526002972,0.0,0.0,0.0,0.0,0.0,0.0,0.0,0.65,0.0
static 0.70,static,0.11868169854933797,0.13932445980830785,0.5733306205389533,-0.2646237848759685,0.0668758510462233,0.4484921814755432,0.08183294207198233,-0.2646237848759685,0.08368669792867993,0.15480119058326358,-0.2045813711920088,0.045388656966738584,0.7000000000000001,0.20968796433878156,0.0,0.0,0.0,0.0,0.0,0.0,0.0,0.7,0.0
static 0.75,static,0.12346603464636785,0.1492762045719687,0.5733304031602295,-0.2820457721546029,0.07351835728008792,0.43775176526556886,0.08382197054065244,-0.2820457721546029,0.09236620723796903,0.16241763187210734,-0.21844005098749075,0.04924335569864989,0.75,0.22466567607726598,0.0,0.0,0.0,0.0,0.0,0.0,0.0,0.75,0.0
static 0.80,static,0.12815890276009312,0.15922794902029644,0.5733301857812385,-0.29920069886166933,0.08022320555961628,0.4283375782465847,0.08570151997877873,-0.29920069886166933,0.10113731375651326,0.16997376917120177,-0.23216404422794445,0.053106183810475445,0.8,0.2396433878157504,0.0,0.0,0.0,0.0,0.0,0.0,0.0,0.8,0.0
static 0.85,static,0.1327589526747337,0.16917969315330356,0.5733299684020207,-0.31608818572112773,0.08698860042153994,0.4200060573977344,0.08747099664468672,-0.31608818572112773,0.10997208894441847,0.1774677192948504,-0.2457525465181707,0.057022883901218194,0.8499999999999999,0.2546210995542348,0.0,0.0,0.0,0.0,0.0,0.0,0.0,0.85,0.0
static 0.90,static,0.1372648521205193,0.1791314369710027,0.5733297510225331,-0.3327080173791155,0.0937930719490005,0.4125685133824359,0.08912983609795622,-0.3327080173791155,0.11885504978596077,0.1848976000849234,-0.2592048050917173,0.06096094326015485,0.9000000000000001,0.2695988112927192,0.0,0.0,0.0,0.0,0.0,0.0,0.0,0.9,0.0
static 0.95,static,0.14167528732767676,0.18908318047340655,0.5733295336428055,-0.34906013827053295,0.10063662232990855,0.4058764430382303,0.09067750347200976,-0.34906013827053295,0.12779842304166372,0.19226153104349475,-0.2725201182374135,0.06489887006956468,0.95,0.28457652303120357,0.0,0.0,0.0,0.0,0.0,0.0,0.0,0.95,0.0
static 1.00,static,0.14598896357536928,0.19903492366052833,0.5733293162628862,-0.3651446484642912,0.10750431067355737,0.399811319128907,0.09211349373461708,-0.3651446484642912,0.13677883335980223,0.19955763396923643,-0.28569783471693555,0.06883562366264648,1.0,0.29955423476968795,0.0,0.0,0.0,0.0,0.0,0.0,0.0,1.0,0.0
static 1.05,static,0.14980141363205335,0.2089864973102277,0.5716510457339825,-0.3810041070044795,0.11448310469180507,0.3931753250898477,0.09311150144568248,-0.3810041070044795,0.14590417511132445,0.2063008430480584,-0.2987590969241466,0.07283092950118764,1.0500000000000003,0.3145319465081724,0.0,0.0,0.0,0.0,0.0,0.0,0.0,1.05,0.0
static 1.10,static,0.1535118354842071,0.21893807109473623,0.5701253219819706,-0.3980875786210648,0.12146988042894408,0.38562327419498144,0.09399628310440633,-0.3980875786210648,0.15504195094966342,0.21296695727854664,-0.31168085871591067,0.07682323070806987,1.0999999999999999,0.3295096582466568,0.0,0.0,0.0,0.0,0.0,0.0,0.0,1.1,0.0
static 1.15,static,0.15711910081422298,0.22888964495546876,0.5687322480491086,-0.415288789031074,0.12845877611085324,0.3783369668629955,0.09476752474250993,-0.415288789031074,0.16418332117182763,0.21955419981141944,-0.32446262794154457,0.08081181622730503,1.1500000000000001,0.3444873699851411,0.0,0.0,0.0,0.0,0.0,0.0,0.0,1.15,0.0
static 1.20,static,0.16062210409968825,0.23884121884360687,0.5674552430645899,-0.43222975063925184,0.13544527927935418,0.37161279125773755,0.09542494353956288,-0.43222975063925184,0.1733216385210798,0.22606080154700625,-0.3371039605635676,0.08479596577448986,1.1999999999999997,0.35946508172362557,0.0,0.0,0.0,0.0,0.0,0.0,0.0,1.2,0.0
static 1.25,static,0.16401976309408028,0.24879279271814506,0.5662803790412416,-0.4489046762435678,0.1424337087828738,0.36537771106907796,0.0959682879755952,-0.4489046762435678,0.18245956177404432,0.23248500177240938,-0.3496044600299365,0.08878436044009613,1.25,0.37444279346210996,0.0,0.0,0.0,0.0,0.0,0.0,0.0,1.25,0.0
static 1.30,static,0.16731101929966807,0.2587443665443879,0.5651958707161026,-0.4653082568443926,0.14941692946015503,0.35957027806540703,0.09639733797054473,-0.4653082568443926,0.19158822949549972,0.23882504879910949,-0.3619637766394519,0.09277235777456745,1.3000000000000003,0.3894205052005944,0.0,0.0,0.0,0.0,0.0,0.0,0.0,1.3,0.0
static 1.35,static,0.17049483843225843,0.26869594029278226,0.5641916787574247,-0.4814356553753094,0.15639576075568987,0.35413837036923856,0.0967119050103753,-0.4814356553753094,0.20070806342076716,0.24507920060058574,-0.37418160690069124,0.09676202223083404,1.3499999999999999,0.4043982169390788,0.0,0.0,0.0,0.0,0.0,0.0,0.0,1.35,0.0
static 1.40,static,0.17357021087753366,0.27864751393799836,0.5632591979971036,-0.4972824997609717,0.16337543470766508,0.34903744041055834,0.09691183225980793,-0.4972824997609717,0.20982921679824199,0.2512457254496252,-0.3862576928847834,0.10075011989200969,1.4000000000000001,0.4193759286775631,0.0,0.0,0.0,0.0,0.0,0.0,0.0,1.4,0.0
static 1.45,static,0.17653615213870988,0.2885990874582019,0.5623910101655717,-0.5128448753370012,0.17034586101649515,0.3442291434085292,0.09699699466158251,-0.5128448753370012,0.21893771173094478,0.25732290255498635,-0.3981918215723702,0.10473254407770709,1.4499999999999995,0.43435364041604757,0.0,0.0,0.0,0.0,0.0,0.0,0.0,1.45,0.0
static 1.50,static,0.1793917032752519,0.2985506608344717,0.5615806860788859,-0.5281193166673558,0.17731313256228418,0.3396802533323063,0.0969672990221826,-0.5281193166673558,0.22802071297565626,0.26330902269708023,-0.40998382419506985,0.10875433825975084,1.5,0.44933135215453196,0.0,0.0,0.0,0.0,0.0,0.0,0.0,1.5,0.0
static 1.55,static,0.1821359313323032,0.3085022340503289,0.5608226261113709,-0.5431027987950261,0.1842627675122786,0.3353617984227027,0.09682268408390837,-0.5431027987950261,0.2370720023529263,0.2692023888622119,-0.42163357557177705,0.1127822793251086,1.5500000000000003,0.46430906389301635,0.0,0.0,0.0,0.0,0.0,0.0,0.0,1.55,0.0
static 1.60,static,0.18476792976070877,0.318453807091357,0.5601119305794057,-0.5577927279621354,0.19119791343731,0.3312483661014156,0.09656312058335081,-0.5577927279621354,0.24609376599166985,0.2750013168752128,-0.43314099344010926,0.11682224232154889,1.6,0.4792867756315008,0.0,0.0,0.0,0.0,0.0,0.0,0.0,1.6,0.0
static 1.65,static,0.18728681882717302,0.328405379944888,0.559444293691142,-0.5721869318357817,0.19810976895311522,0.32731753978772193,0.09618861129606238,-0.5721869318357817,0.2550793732229569,0.2807041360298488,-0.4445060377833291,0.1208595850952673,1.65,0.49426448736998513,0.0,0.0,0.0,0.0,0.0,0.0,0.0,1.65,0.0
static 1.70,static,0.1896917460144496,0.3383569525997455,0.5588159162108594,-0.5862836492759316,0.20499745237933684,0.32354943933490476,0.09569919106750602,-0.5862836492759316,0.2640269972721567,0.2863091897168437,-0.4557287101530475,0.12489525952715552,1.6999999999999997,0.5092421991084696,0.0,0.0,0.0,0.0,0.0,0.0,0.0,1.7,0.0
static 1.75,static,0.19198188641123504,0.34830852504603227,0.5582234330948724,-0.600081519681697,0.21194739674585,0.3199263435292401,0.09509492683019549,-0.600081519681697,0.2730743571978227,0.29181483604904157,-0.4668090529880258,0.1289294841530076,1.75,0.524219910846954,0.0,0.0,0.0,0.0,0.0,0.0,0.0,1.75,0.0
static 1.80,static,0.19415644309151658,0.35826009727495184,0.5576638531879426,-0.6135795719521971,0.21904939745212262,0.31643237807572083,0.09437591760699893,-0.6135795719521971,0.2823616689170848,0.29721944848334747,-0.4777471489293754,0.1329678318860041,1.8000000000000003,0.5391976225854384,0.0,0.0,0.0,0.0,0.0,0.0,0.0,1.8,0.0
static 1.85,static,0.19621464748313855,0.3682116692786603,0.5571345086985351,-0.6267772130979592,0.22634464501425672,0.31305325621732855,0.09354229450059126,-0.6267772130979592,0.2919538614374829,0.3025214164390837,-0.4885431201324756,0.13701102704617427,1.85,0.5541753343239227,0.0,0.0,0.0,0.0,0.0,0.0,0.0,1.85,0.0
static 1.90,static,0.19815575972530475,0.37816324105014043,0.5566330126515003,-0.6396742165385236,0.23378125095490576,0.30977606194226065,0.09259422066902889,-0.6396742165385236,0.3017702087665316,0.3077191459123245,-0.4991971275758904,0.14105434190669452,1.9,0.5691530460624071,0.0,0.0,0.0,0.0,0.0,0.0,0.0,1.9,0.0
static 1.95,static,0.19997906901482954,0.38811481258309627,0.5561572228864791,-0.6522707101214991,0.2412410682606569,0.30658906786965684,0.09153189128747186,-0.6522707101214991,0.3116217602275885,0.3128110600858982,-0.5097093703675991,0.14509922963982544,1.9499999999999997,0.5841307578008915,0.0,0.0,0.0,0.0,0.0,0.0,0.0,1.95,0.0
static 2.00,static,0.2016838939408525,0.39806638387186327,0.555705211456445,-0.6645671638978473,0.24929289142107355,0.30348158154237964,0.09035553349602243,-0.6645671638978473,0.32240026849109277,0.3177955999346018,-0.5200800850488229,0.14916971422609587,2.0,0.5991084695393759,0.0,0.0,0.0,0.0,0.0,0.0,0.0,2.0,0.0
static 2.05,static,0.2031703159816194,0.40801791629583306,0.5550730004518202,-0.6765824066380266,0.2576961305549564,0.3002890911562175,0.08898900848488012,-0.6765824066380266,0.3337245942785849,0.32254661311383925,-0.530313064394042,0.15325866867241816,2.0500000000000003,0.6140861812778603,0.0,0.0,0.0,0.0,0.0,0.0,0.0,2.05,0.0
static 2.10,static,0.20453674373992192,0.417969448536139,0.5544708838729553,-0.6882982345759376,0.26616573892665507,0.2971629643448636,0.08750920231909665,-0.6882982345759376,0.3451350645944533,0.3271863031020126,-0.5404049574686101,0.1573803056948682,2.1000000000000005,0.6290638930163448,0.0,0.0,0.0,0.0,0.0,0.0,0.0,2.1,0.0
static 2.15,static,0.2057826153765645,0.4279209805836997,0.5538967621447121,-0.6997161176575699,0.27469201023372986,0.29409443370471466,0.08591646111487594,-0.6997161176575699,0.35661360125169533,0.33171319926674814,-0.5503561116138225,0.16154083717297288,2.1499999999999995,0.6440416047548291,0.0,0.0,0.0,0.0,0.0,0.0,0.0,2.15,0.0
static 2.20,static,0.2069073998433293,0.43787251243026176,0.5533487265591881,-0.7108378170144007,0.2842118698925799,0.29107539707491054,0.0842111625075399,-0.7108378170144007,0.36965732203643337,0.3361258516800305,-0.5601669087945351,0.16570471599737335,2.1999999999999997,0.6590193164933136,0.0,0.0,0.0,0.0,0.0,0.0,0.0,2.2,0.0
static 2.25,static,0.2079105971441204,0.44782404406830584,0.5528250380685994,-0.7216653719437015,0.29423705252556476,0.28809834201153817,0.08239371551952424,-0.7216653719437015,0.3834893387816237,0.3404228316838547,-0.5698377648942708,0.16987150598946305,2.25,0.673997028231798,0.0,0.0,0.0,0.0,0.0,0.0,0.0,2.25,0.0
static 2.30,static,0.20879173858310018,0.4577755754909678,0.552324108844247,-0.7322010868436872,0.30429904126439616,0.2851562806102113,0.08046456041472849,-0.7322010868436872,0.397369210787918,0.34460273244833806,-0.5793691290096337,0.1740408913247895,2.3000000000000003,0.6889747399702822,0.0,0.0,0.0,0.0,0.0,0.0,0.0,2.3,0.0
static 2.35,static,0.2095503869996549,0.467727106691969,0.5518444861896653,-0.7424475181329728,0.31437089547255437,0.2822426930951425,0.07842416853930234,-0.7424475181329728,0.4112551600907782,0.3486641695219346,-0.5887614827443,0.17821308970766622,2.3500000000000005,0.7039524517087667,0.0,0.0,0.0,0.0,0.0,0.0,0.0,2.35,0.0
static 2.40,static,0.21018613698994093,0.47767863766555463,0.551384838464548,-0.7524074611828127,0.32446687887714926,0.27935147886428513,0.07627304214890551,-0.7524074611828127,0.4251701766946831,0.3526057813732557,-0.5980153395028456,0.18238835924124558,2.3999999999999995,0.7189301634472511,0.0,0.0,0.0,0.0,0.0,0.0,0.0,2.4,0.0
static 2.45,static,0.2106986151148469,0.4876301684064409,0.550943942732264,-0.7620839372895513,0.3345679654587893,0.2764769139003551,0.07401171422253694,-0.7620839372895513,0.4390855269915976,0.3564262299241232,-0.6071312437846764,0.18656562558869882,2.4499999999999997,0.7339078751857356,0.0,0.0,0.0,0.0,0.0,0.0,0.0,2.45,0.0
static 2.50,static,0.21108748009420486,0.49758169890976756,0.5505206738896841,-0.7714801807136384,0.34463867826552325,0.2736136136367673,0.07164074826303968,-0.7714801807136384,0.45294660992999186,0.3601242010734369,-0.6161097704783041,0.19074437850272205,2.5,0.7488855869242199,0.0,0.0,0.0,0.0,0.0,0.0,0.0,2.5,0.0
static 2.55,static,0.21135242298700385,0.5075332291710569,0.5501139950757707,-0.7805996258104653,0.35466409775469887,0.2707565005140313,0.06916073808431422,-0.7805996258104653,0.4667308665590951,0.36369840521136454,-0.6249515241562387,0.19492468103030852,2.5500000000000003,0.7638632986627043,0.0,0.0,0.0,0.0,0.0,0.0,0.0,2.55,0.0
static 2.60,static,0.21149316735748758,0.5174847591861763,0.5497229491868909,-0.7894458942771149,0.3646283957531902,0.2679007755827891,0.066572307585399,-0.7894458942771149,0.48041444340226824,0.36714757772347695,-0.6336571383707279,0.19910636319510264,2.6000000000000005,0.7788410104011888,0.0,0.0,0.0,0.0,0.0,0.0,0.0,2.6,0.0
static 2.65,static,0.21150946942694593,0.527436288951306,0.5493466513526549,-0.7980227825379776,0.3746143303773453,0.26504189360894626,0.06387611051150532,-0.7980227825379776,0.49412720403993426,0.3704704794843787,-0.6423180566241942,0.20328878674900103,2.6499999999999995,0.7938187221396731,0.0,0.0,0.0,0.0,0.0,0.0,0.0,2.65,0.0
static 2.70,static,0.2114011182109956,0.5373878184629105,0.5489842822477201,-0.8063342492909967,0.3847257420312491,0.2621755412186434,0.06107283020209375,-0.8063342492909967,0.5080309871746702,0.37366589734033484,-0.6509332286965255,0.20747171540545659,2.6999999999999997,0.8087964338781576,0.0,0.0,0.0,0.0,0.0,0.0,0.0,2.7,0.0
static 2.75,static,0.21116793564224667,0.5473393477177113,0.5486350821332495,-0.814384403235096,0.3947703460982745,0.25929761768937865,0.05816317932617099,-0.814384403235096,0.5218270061596288,0.3767326445805259,-0.6594116121053016,0.21165455263196778,2.75,0.823774145616642,0.0,0.0,0.0,0.0,0.0,0.0,0.0,2.75,0.0
static 2.80,static,0.21080977667814094,0.5572908767126664,0.5482983455367573,-0.8221774909981558,0.40473495198820864,0.25640421805054475,0.05514789960487598,-0.8221774909981558,0.5354955203498222,0.37966956139640984,-0.6677537140888405,0.21583700714857476,2.8000000000000003,0.8387518573551263,0.0,0.0,0.0,0.0,0.0,0.0,0.0,2.8,0.0
static 2.85,static,0.21032652939382257,0.5672424054449473,0.5479734164919527,-0.8297178852836599,0.41460513773920055,0.2534916182045626,0.05202776152152677,-0.8297178852836599,0.5490146886512486,0.3824755153287336,-0.67596008138981,0.22001921761065305,2.8500000000000005,0.8537295690936108,0.0,0.0,0.0,0.0,0.0,0.0,0.0,2.85,0.0
static 2.90,static,0.20971811505990656,0.5771939339119212,0.5476596842710341,-0.8370100732529306,0.42436941936507355,0.25055626181996166,0.04880356401926833,-0.8370100732529306,0.5623647071831888,0.38514940170176404,-0.6840312992842446,0.2242073023141619,2.899999999999999,0.8687072808320951,0.0,0.0,0.0,0.0,0.0,0.0,0.0,2.9,0.0
static 2.95,static,0.20898448820496496,0.5871454621111355,0.5473565795509568,-0.8440586451586501,0.4340206296181092,0.247594748781566,0.045476134186452466,-0.8440586451586501,0.5755370663839133,0.38769014404421087,-0.6919679906097884,0.22839641600003985,2.95,0.8836849925705795,0.0,0.0,0.0,0.0,0.0,0.0,0.0,2.95,0.0
static 3.00,static,0.20812563666260342,0.5970969900403005,0.5470635709630739,-0.8508682832441299,0.44354835591271885,0.24460382501164205,0.042046326929922495,-0.8508682832441299,0.5885154755601626,0.3900966944963782,-0.6997708147936683,0.2325881283998617,3.0,0.8986627043090639,0.0,0.0,0.0,0.0,0.0,0.0,0.0,3.0,0.0
ladder b1.1 +0.2@10 ath sticky r0.0,ladder-sticky,0.17062861608468904,0.25060074496902257,0.5864765751697752,-0.45000117621596125,0.14135648791598793,0.37917371132115046,0.10178028770892644,-0.45000117621596125,0.18339262015686034,0.2399206848440898,-0.34298720133471217,0.08340072781388737,1.244014401440144,0.6290638930163447,0.006388848442431927,0.007132579983272602,0.006010913994325046,0.005768145722357232,0.016138476916248118,0.0057833198177039274,0.01083639477250331,1.2422928258320174,0.005768145722357232
ladder b1.1 +0.2@10 ath sticky r0.02,ladder-sticky,0.16840619213612817,0.2502354718912553,0.5793698007549706,-0.45000117621596136,0.1413490363643654,0.3742350043443173,0.1010403224570724,-0.45000117621596136,0.18339261835247,0.23612518277116568,-0.34298720133471194,0.08337612008476518,1.2392259225922593,0.6290638930163447,0.004166424493871029,0.004913778856030837,0.0039092957901546155,0.005028180555310041,0.01238316226378075,0.005043354565849867,0.007040892699579304,1.2422395123399175,0.0039092957901546155
ladder b1.1 +0.2@10 ath level,ladder-level,0.16601977842658222,0.24653339510925298,0.5760235238718096,-0.44206613641278725,0.13714795801487192,0.3755541643016923,0.09977991465327851,-0.44206613641278725,0.1792956147635947,0.23254857893003456,-0.33461404190162225,0.07798515911350873,1.2152835283528354,1.273105497771174,0.0033934264286537563,0.004569860049397384,0.002771417193608683,0.003999756185498027,0.017662669638161738,0.004034457211132783,0.007769359758217076,1.212182127147882,0.002771417193608683
ladder b1.1 +0.2@10 52w sticky r0.0,ladder-sticky,0.17109241988342005,0.24338056145558282,0.598124745032366,-0.45000117621596125,0.13613057273804446,0.3802043837354564,0.10505740036350208,-0.45000117621596125,0.17618312097794428,0.23738666560164345,-0.34298720133471206,0.08144588384865734,1.1731593159315932,0.793818722139673,0.006852652241162938,0.01013713742333705,0.008920496785385396,0.009462311974972895,0.016796956094438265,0.00906043247227957,0.008302375530057027,1.2049030576780173,0.006852652241162938
ladder b1.1 +0.2@10 52w sticky r0.02,ladder-sticky,0.16837628006711736,0.24236890742752654,0.5900201098017617,-0.45000117621596136,0.1361193914618564,0.3741685332535918,0.10445161159241123,-0.45000117621596136,0.17616829849702217,0.2324411313180168,-0.34298720133471217,0.08144035773093372,1.1627542754275428,0.793818722139673,0.004136512424860211,0.007426433758832118,0.006549755139359348,0.008857404554306447,0.011860446634489957,0.008454643701188702,0.00335684124643032,1.204823059187781,0.004136512424860211
ladder b1.1 +0.2@10 52w level,ladder-level,0.16512844280380534,0.23670688828712705,0.5866166914179402,-0.44206613641278725,0.13002260916090913,0.37353786956803603,0.10546934634269922,-0.44206613641278725,0.1685318546970274,0.2247030292917096,-0.33461404190162214,0.07717719165815203,1.128010801080108,1.7074591381872213,0.0025020908058768776,0.007225242679792687,0.005257633628483749,0.010388984174017485,0.01115149720234021,0.009723888900553493,-7.618988010782424e-05,1.1611918152210001,0.0025020908058768776
"ladder b1.1 +0.1@5,+0.2@10 ath sticky r0.0",ladder-sticky,0.16784805351725662,0.2522128262937028,0.574940075074312,-0.45387243106304265,0.14340016162405855,0.3698132823889068,0.09959450792484748,-0.45387243106304265,0.18543170433780204,0.23651526907339648,-0.348008918768566,0.08588402595051006,1.2510351035103513,0.673997028231798,0.0028315474391102102,0.003372792300181948,0.0026971922747418,0.003486528398318464,0.008701903646913034,0.003496283977827905,0.00485024065953274,1.256919821711556,0.0026971922747418
"ladder b1.1 +0.1@5,+0.2@10 ath sticky r0.02",ladder-sticky,0.16674459439101152,0.25160750025174794,0.5719561469541247,-0.4538724310630421,0.14297793265549485,0.3673820725362607,0.09885601066176308,-0.4538724310630421,0.1854317025532533,0.23502644808737805,-0.3480089187685659,0.08450126439667524,1.2439603960396042,0.7339078751857356,0.0017280883128652225,0.002468333574638104,0.0017939309389943259,0.0027480312191083683,0.009446929803878651,0.0027577867147435264,0.0033614196735143598,1.2538966538347527,0.0017280883128652225
"ladder b1.1 +0.1@5,+0.2@10 ath level",ladder-level,0.16538769196431846,0.24903359372247372,0.5705919254707241,-0.4499324390809909,0.14058513165269412,0.3675833916357108,0.09812431017652568,-0.4499324390809909,0.1833719659736757,0.23300794785156298,-0.34386048395865987,0.0808648325499388,1.2263006300630064,1.3779494799405645,0.0011617159159535984,0.0022666765373669795,0.0012882894269052592,0.002113138942476042,0.013367165924493024,0.0021291401651764297,0.003474864318187304,1.2367740160414533,0.0011617159159535984
"ladder b1.1 +0.1@5,+0.2@10 52w sticky r0.0",ladder-sticky,0.16841207721250506,0.24639512396904076,0.5845506599652279,-0.45387243106304265,0.13939130619980605,0.3710559745126108,0.10243231387617557,-0.45387243106304265,0.179919139175666,0.2346564603680621,-0.3480089187685659,0.08433903994960548,1.190855085508551,0.9435958395245172,0.003395571134358649,0.005871480001934881,0.0052109244099898255,0.006615080406707011,0.009341874375973419,0.006334089929156003,0.0029914319541984036,1.2282325729869958,0.003395571134358649
"ladder b1.1 +0.1@5,+0.2@10 52w sticky r0.02",ladder-sticky,0.16647549793716943,0.24496154127255368,0.579753560728594,-0.4538724310630421,0.1387465661694182,0.36678918247415265,0.10137570646381677,-0.4538724310630421,0.17960119535434296,0.23179184177868772,-0.34800891876856577,0.08289708882727796,1.1759495949594958,1.0484398216939081,0.0014589918590231232,0.004248362679987877,0.003763797878946873,0.005577378056418045,0.008832137691520775,0.005277482516797216,0.000126813364824091,1.2236196622460123,0.0014589918590231232
"ladder b1.1 +0.1@5,+0.2@10 52w level",ladder-level,0.16403785565467355,0.24080532171322355,0.5768596148708223,-0.4499324390809909,0.13501772834171966,0.3645833049729175,0.10176550807954743,-0.4499324390809909,0.17502427343443328,0.2263687032171866,-0.34386048395865976,0.08015447733286497,1.1474527452745273,2.216701337295691,-0.0001881203936913156,0.0036301237957351573,0.0027451690054311473,0.0062393252122779075,0.007900114007090675,0.005770338068198183,-0.003164380316189014,1.1969401650058489,-0.0001881203936913156
"ladder b1.1 +0.2@5,+0.4@10 ath sticky r0.0",ladder-sticky,0.18085709069695044,0.28607211579580993,0.577449128968153,-0.5075864571732569,0.16602364386518623,0.3563079513668302,0.10354649975661845,-0.5075864571732569,0.2163579260135815,0.2592056534943794,-0.3837702289765823,0.0958758150735304,1.402070207020702,1.018484398216939,0.005323109423747113,0.006160057375491551,0.005074070663841301,0.006573625517715828,0.015515660971336664,0.006578280876610651,0.009230125029209002,1.4189960343900803,0.005074070663841301
"ladder b1.1 +0.2@5,+0.4@10 ath sticky r0.02",ladder-sticky,0.17865092437422647,0.2849320259991102,0.5720467969771744,-0.5075864571732571,0.16526686632497828,0.3519615660534588,0.10206732947864694,-0.5075864571732571,0.21635792294085351,0.25622277871804466,-0.3837702289765823,0.09329344623913371,1.387920792079208,1.138306092124814,0.0031169431010231174,0.004275902595905295,0.0032076937586011656,0.005094455268473644,0.016580877676066308,0.005099110598639142,0.006247250252874259,1.413567546183776,0.0031169431010231174
"ladder b1.1 +0.2@5,+0.4@10 ath level",ladder-level,0.17606511929297408,0.2799114281032749,0.5693611547217473,-0.5003752794745463,0.16064915652743614,0.35186614230395924,0.10064947233379695,-0.5003752794745463,0.21243620545256334,0.2523863717365109,-0.37586317160128546,0.08582942366220289,1.3526012601260127,2.426389301634472,0.001905473793495649,0.003696156618625962,0.002118214703057314,0.003713265309898864,0.02466095548814548,0.0037207153733042897,0.006448498009123865,1.3804698743882053,0.001905473793495649
"ladder b1.1 +0.2@5,+0.4@10 52w sticky r0.0",ladder-sticky,0.1823198119731404,0.2747713998065992,0.5940878545767494,-0.5075864571732569,0.15835086661351508,0.3591896698514718,0.10966489736326346,-0.5075864571732569,0.20591250212051182,0.2556431509460555,-0.3837702289765822,0.0927534806184457,1.2817101710171017,1.5576820208023772,0.006785830699937073,0.010963518016723822,0.009947451306982824,0.012838915868147727,0.01684811271302833,0.01269667848325566,0.005667622480885148,1.3640057105194143,0.006785830699937073
"ladder b1.1 +0.2@5,+0.4@10 52w sticky r0.02",ladder-sticky,0.1784633862481979,0.27201138496719385,0.5853141746729625,-0.5075864571732571,0.15720744508545725,0.3515920957427792,0.10759624197579964,-0.5075864571732571,0.20538814392852855,0.24988498769808598,-0.3837702289765822,0.09002738510011109,1.2518991899189917,1.7673699851411586,0.002929404974994554,0.007610904802927115,0.006943963407580966,0.010781753927477558,0.015423847493556131,0.010628023095791847,-9.054076708436831e-05,1.3558146292746074,0.002929404974994554
"ladder b1.1 +0.2@5,+0.4@10 52w level",ladder-level,0.17377518292491678,0.26374317852773094,0.5801063341954048,-0.5003752794745463,0.15012463597394532,0.34728970445422774,0.10860728238074313,-0.5003752794745463,0.19683045540874625,0.2391403743603171,-0.3758631716012856,0.08445169325757615,1.1949054905490548,4.103893016344725,-0.00038446257456165034,0.006141300176707415,0.0048648876076884395,0.01202912626140687,0.013641811787911684,0.011678525420250468,-0.006797499367069998,1.3050703798660608,-0.00038446257456165034
"ladder b1.1 +0.2@10,+0.4@20 ath sticky r0.0",ladder-sticky,0.1819895547454462,0.2770610582638749,0.5904589891764498,-0.48801466621490097,0.15593313193544228,0.37291820788292807,0.10356382253268959,-0.48801466621490097,0.20584178473599593,0.2615412384631317,-0.3520116279848896,0.08411042615010077,1.373087308730873,0.7638632986627043,0.010217937911075559,0.011705772638640755,0.008909612265634276,0.006739391097263486,0.03660000666546265,0.006768915284825469,0.02782141453042436,1.3466854849998768,0.006739391097263486
"ladder b1.1 +0.2@10,+0.4@20 ath sticky r0.02",ladder-sticky,0.17898802525511526,0.276651246044106,0.5817282144817527,-0.48801466621490186,0.15592666970417135,0.3667677175429318,0.10282265944329083,-0.48801466621490186,0.20584178312839332,0.2561062701225765,-0.3520116279848896,0.0840870837444246,1.3662826282628262,0.7638632986627043,0.007216408420744419,0.008707191288863492,0.006034728595687738,0.005998228043101891,0.031203159317979234,0.006027752195426714,0.022386446189869125,1.3466391861928326,0.005998228043101891
"ladder b1.1 +0.2@10,+0.4@20 ath level",ladder-level,0.17625653952733145,0.26708276333708414,0.5839470913027901,-0.45688451894437565,0.1411576562841682,0.38577918974923764,0.10699549642524753,-0.45688451894437565,0.1863153674462749,0.2459689943850345,-0.32461924060425484,0.07606896202537954,1.3105490549054903,1.6026151560178303,0.010635680462330793,0.01285717208113743,0.006277806766965793,0.010845984479772405,0.03426147143740105,0.01081848868573032,0.026334184700156776,1.2408702484724004,0.006277806766965793
"ladder b1.1 +0.2@10,+0.4@20 52w sticky r0.0",ladder-sticky,0.17801886627518293,0.25619127809650116,0.6035898393109075,-0.48801466621490097,0.1435651892653527,0.3647817957110145,0.10561186840084846,-0.48801466621490097,0.18865674116286907,0.2510930620509544,-0.3520116279848896,0.07979640656150812,1.1937533753375336,0.9286181277860326,0.006247249440812286,0.013465826011218068,0.01155222278422996,0.009352311220741927,0.03321583511790768,0.008816961152984346,0.017373238118247036,1.2581014229305396,0.006247249440812286
"ladder b1.1 +0.2@10,+0.4@20 52w sticky r0.02",ladder-sticky,0.17446380206618772,0.2551412086220273,0.5931678159388126,-0.48801466621490186,0.14356331944765272,0.3574970470034213,0.10492581360968156,-0.48801466621490186,0.1886517695609532,0.2444786036514961,-0.3520116279848897,0.07980148011294624,1.182052205220522,0.9286181277860326,0.002692185231816885,0.00991164306452183,0.00834444511849955,0.00866649009628763,0.026592997629254794,0.008130906361817444,0.010758779718788691,1.2580880349983348,0.002692185231816885
"ladder b1.1 +0.2@10,+0.4@20 52w level",ladder-level,0.17121821403435544,0.24541496248555428,0.5952783575311315,-0.45688451894437565,0.12575571987568157,0.37475162089088154,0.10949907949742865,-0.45688451894437565,0.16286778292140955,0.23294449841589504,-0.32461924060425484,0.07490452446827615,1.1349234923492348,2.0669242199108466,0.00559735496935479,0.015494275129253193,0.008351707240834338,0.014842544447993433,0.023181286122112205,0.013322071757911447,0.013309688731017316,1.1306617786400177,0.00559735496935479
"ladder b1.1 +0.3@10,+0.6@20 ath sticky r0.0",ladder-sticky,0.19459730450689494,0.3071647365817552,0.5957011812411319,-0.5319469020677171,0.17455006596295264,0.3658209188745733,0.10604185059183813,-0.5319469020677171,0.23257423055278345,0.28515900261485516,-0.37254892397517525,0.08888741844570931,1.5096309630963096,0.9810401188707282,0.014504578121198375,0.016338049983813635,0.012830199087829897,0.009147304371593404,0.052510161063412414,0.009111493985423519,0.040915551622958096,1.48017110011306,0.009147304371593404
"ladder b1.1 +0.3@10,+0.6@20 ath sticky r0.02",ladder-sticky,0.19006089567762752,0.3065804457123617,0.5838348903518235,-0.5319469020677168,0.17454969223507102,0.3572929834516318,0.10492878857810006,-0.5319469020677168,0.23257422841373598,0.27688482950587723,-0.3725489239751756,0.08888599377245436,1.4994239423942393,0.9810401188707282,0.009968169291931006,0.011801794327717385,0.008454913265195596,0.008034242323679178,0.04423825287456268,0.007998431971685455,0.032641378513979996,1.4801684180884025,0.008034242323679178
"ladder b1.1 +0.3@10,+0.6@20 ath level",ladder-level,0.1863382990986442,0.29245864923757164,0.5865166841341729,-0.4867137901572196,0.15306875724465593,0.3828498449539568,0.1113479633957235,-0.4867137901572196,0.204584615576393,0.26215704104747406,-0.3316819856235135,0.07613917219174964,1.4158235823582357,2.239167904903418,0.01481914125769504,0.01736127604034421,0.008694666201975565,0.014551087946009872,0.05033228521461697,0.014569468284290815,0.038886976253474675,1.3261636055512434,0.008694666201975565
"ladder b1.1 +0.3@10,+0.6@20 52w sticky r0.0",ladder-sticky,0.18944645960446582,0.2760775189958376,0.6141035112773796,-0.5319469020677171,0.1564297592459691,0.35613791314146837,0.11029863382337157,-0.5319469020677171,0.2078062785416954,0.2697466106212363,-0.37254892397517525,0.08179459520881724,1.2406300630063005,1.2281723625557208,0.009353733218769256,0.01893664081339619,0.016670463984879563,0.013431142499919585,0.04858741296747332,0.013368277216956964,0.025503159629339217,1.3502435535707913,0.009353733218769256
"ladder b1.1 +0.3@10,+0.6@20 52w sticky r0.02",ladder-sticky,0.18408882793916348,0.27454600782178185,0.5995382389113632,-0.5319469020677168,0.15642723206190917,0.34606617168667897,0.1092854987044456,-0.5319469020677168,0.20779972315194659,0.2597155222076215,-0.37254892397517525,0.08180134052958776,1.223078307830783,1.2281723625557208,0.003996101553466969,0.013580122671773553,0.011786121010616185,0.012418151069076372,0.038545308623027436,0.012355142098030986,0.015472071215724442,1.3502254496874486,0.003996101553466969
"ladder b1.1 +0.3@10,+0.6@20 52w level",ladder-level,0.179508690132556,0.2599164260846666,0.6029776281610557,-0.4867137901572196,0.12973737238684174,0.3688177605869162,0.1164485665559174,-0.4867137901572196,0.16942581449316055,0.24262585875661924,-0.33168198562351325,0.07434759619184134,1.1523852385238522,2.9356315007429425,0.007989532291606843,0.021748506526620442,0.011822692393977569,0.021303892112740655,0.03379257316839246,0.01967007144448471,0.019355793962619966,1.159150473743096,0.007989532291606843
"ladder b1.1 +0.1@5,+0.2@10,+0.3@15 ath sticky r0.0",ladder-sticky,0.17251235340680693,0.2665009428026012,0.5729421223832423,-0.4776903836662819,0.15267418529747154,0.3611384262809974,0.10123311183054229,-0.4776903836662819,0.19906531528004856,0.24439818971386496,-0.3589151887264016,0.08795673462969106,1.3165076507650766,0.7488855869242199,0.002756894465983012,0.0037153383844416854,0.0027197631999966443,0.0045778695208310155,0.013246264119598922,0.004594258839847126,0.007136996857962541,1.3233366856095272,0.0027197631999966443
"ladder b1.1 +0.1@5,+0.2@10,+0.3@15 ath sticky r0.02",ladder-sticky,0.17091115111984934,0.26587840717714917,0.5685161003812633,-0.4776903836662818,0.15227285381312766,0.35778645952238636,0.10026821751279957,-0.4776903836662818,0.19906531278093273,0.24212127776518444,-0.3589151887264014,0.08659056213679471,1.3083888388838885,0.8087964338781576,0.001155692179025447,0.002297227908169136,0.0013177294953301832,0.0036129752892893746,0.013169878039756944,0.0036293645221044113,0.004860084909282136,1.3204613368057765,0.001155692179025447
"ladder b1.1 +0.1@5,+0.2@10,+0.3@15 ath level",ladder-level,0.16932856084772663,0.26121210049022137,0.5687520439448096,-0.4683455079667026,0.14736091693630998,0.3615462473054512,0.10017617237528254,-0.4683455079667026,0.19431867283542523,0.23895009222669739,-0.35189387701533714,0.08001108380815258,1.2774797479747977,1.6026151560178308,0.0014179372029960724,0.002986559181982984,0.0012280364155507484,0.0036846542380918196,0.02071832078580027,0.003719592420177456,0.005290671850917084,1.2852789091247399,0.0012280364155507484
"ladder b1.1 +0.1@5,+0.2@10,+0.3@15 52w sticky r0.0",ladder-sticky,0.1730741042196009,0.2552644979591641,0.5884891604987156,-0.4776903836662819,0.14539729413972968,0.36231439890259914,0.10657044755664025,-0.4776903836662819,0.1890188145146768,0.23985979752782094,-0.3589151887264017,0.0852093053550127,1.2095229522952295,1.0634175334323925,0.0033186452787769827,0.007657576058611892,0.006913972133927582,0.01029387282539651,0.013133220286834002,0.009931594565945084,0.0025986046719184697,1.271219330548277,0.0033186452787769827
"ladder b1.1 +0.1@5,+0.2@10,+0.3@15 52w sticky r0.02",ladder-sticky,0.17032892744947392,0.25352371172507066,0.5815333087020762,-0.4776903836662818,0.14479786423257462,0.3565676288942568,0.10483291559601793,-0.4776903836662818,0.1887476812136515,0.2360533037360304,-0.3589151887264015,0.08377755687966029,1.192043204320432,1.160772659732541,0.0005734685086500324,0.005194916123182347,0.004744520731023744,0.008569084207503394,0.011655688021824345,0.008194062605322766,-0.0012078891198719632,1.2669274003998772,0.0005734685086500324
"ladder b1.1 +0.1@5,+0.2@10,+0.3@15 52w level",ladder-level,0.16558352452955094,0.24738794243649478,0.573284597642884,-0.4683455079667026,0.13880480036268025,0.3535499363459748,0.1032666053658815,-0.4683455079667026,0.18140980771700388,0.2279568867569075,-0.35189387701533725,0.07928356435544817,1.1543114311431142,2.4413670133729575,-0.002327099115179615,0.003328076769478938,0.0020434043799335277,0.007360736170823792,0.010926630755314776,0.006810025410776424,-0.0057025336188728515,1.2240363094571827,-0.002327099115179615
ladder b1.1 +0.5@15 ath sticky r0.0,ladder-sticky,0.17673038475853842,0.2915337979168462,0.5599134553765033,-0.5183909709628527,0.1684164413578026,0.3409210319197529,0.10217109859791051,-0.5183909709628527,0.22356164214965205,0.2521250566305453,-0.36737951465662233,0.08788963905963888,1.4273627362736272,0.7039524517087667,-0.0008426078986065455,0.0010152075677440642,-0.0006478669626944211,0.005189221249055909,0.02108120343442224,0.005184886317969387,0.010527760472273856,1.4361599594256638,-0.0008426078986065455
ladder b1.1 +0.5@15 ath sticky r0.02,ladder-sticky,0.1742545657085135,0.2913066398814388,0.5528896213278159,-0.5183909709628527,0.16841781657794525,0.33614506322294796,0.101043351928362,-0.5183909709628527,0.2235616384241598,0.24820806245186056,-0.36737951465662244,0.08789478258170383,1.422142214221422,0.7039524517087667,-0.0033184269486314644,-0.0014611966433576151,-0.0030585042206894564,0.004061474567327403,0.017155924464893224,0.004057139648420874,0.00661076629358906,1.4361698241031005,-0.0033184269486314644
ladder b1.1 +0.5@15 ath level,ladder-level,0.17314671706164697,0.2810795778518093,0.5591451460750386,-0.4923153043826588,0.15617945686059043,0.3516988310545518,0.10425474705529325,-0.4923153043826588,0.21064494736221526,0.24247632136728337,-0.3528213894558899,0.07284396667557883,1.3558955895589557,1.4528380386329867,0.0005404820663137688,0.0027505588310595686,-0.0011483398613030549,0.0073352878961411155,0.03615370959757022,0.007405582017123408,0.008341108301927774,1.3484502856858152,-0.0011483398613030549
ladder b1.1 +0.5@15 52w sticky r0.0,ladder-sticky,0.1767083257429387,0.264918821192707,0.5879979177052606,-0.5183909709628527,0.15254754900008863,0.3408784790651792,0.11468343586867236,-0.5183909709628527,0.2017069498696478,0.2387412922047203,-0.36737951465662255,0.08185364230385127,1.193339333933393,0.9286181277860327,-0.0008646669142062524,0.007969083583881681,0.007421905633343301,0.01794963619081856,0.017485663449042177,0.01769722358873123,-0.0028560039535512616,1.322429396895843,-0.0008646669142062524
ladder b1.1 +0.5@15 52w sticky r0.02,ladder-sticky,0.17269037622524475,0.263201855571968,0.5771148975605994,-0.5183909709628527,0.1525794846924545,0.33312766984442627,0.1112747066885762,-0.5183909709628527,0.20173663494647148,0.23409264847487754,-0.36737951465662233,0.08190020108977404,1.1804680468046802,0.8911738484398217,-0.004882616431900216,0.003936564654195784,0.00395326702179527,0.014540256341282587,0.012760983547940252,0.014288494408635069,-0.0075046476833939,1.3226582009105374,-0.004882616431900216
ladder b1.1 +0.5@15 52w level,ladder-level,0.1611901314422266,0.25298820698700747,0.5509603872527551,-0.4923153043826588,0.1406575748459047,0.3274123920326868,0.10146961473652216,-0.4923153043826588,0.18714478495450187,0.22083992337515168,-0.3528213894558899,0.07266101444122984,1.134293429342934,1.4528380386329867,-0.011416103553106599,-0.001966104668695484,-0.004217169290472417,0.005281119930834105,0.014825860068429508,0.004620449698352319,-0.01329528969020391,1.2372923241475455,-0.011416103553106599
ladder b1.1 +0.4@20 ath sticky r0.0,ladder-sticky,0.17718007139683234,0.2717797958791816,0.5815945361836984,-0.47541562725748043,0.1501191285410748,0.37268457584982445,0.09905028310475839,-0.47541562725748043,0.19933503423587937,0.256433189219746,-0.3297629981246625,0.07815861423956978,1.3581458145814582,0.5991084695393759,0.007873687547843039,0.009548701199708104,0.005732217408066453,0.0023857374794147013,0.04126081471898549,0.0024557995384611175,0.03415084366104629,1.3050309217344818,0.0023857374794147013
ladder b1.1 +0.4@20 ath sticky r0.02,ladder-sticky,0.17566504829803464,0.27162877730623197,0.5770232232911296,-0.47541562725748043,0.15011903075449987,0.3694978419438791,0.09905028310475839,-0.47541562725748043,0.19933503423587937,0.2532839585339155,-0.3297629981246625,0.07815824828091286,1.354113411341134,0.5991084695393759,0.0063586644490453426,0.008033722712214947,0.004263864150093111,0.0023857374794147013,0.03811218842246003,0.0024557995384611175,0.03100161297521578,1.3050302211402793,0.0023857374794147013
ladder b1.1 +0.4@20 ath level,ladder-level,0.17472085765901046,0.2598739134017984,0.5877010204879943,-0.4456961619982479,0.12921134918959715,0.3920178645372704,0.109818235758399,-0.4456961619982479,0.16895421735321836,0.2398018135537665,-0.2906826013568812,0.0731090411452403,1.2905310531053105,0.9885289747399701,0.011354856839073363,0.01722441987036538,0.00704846105493756,0.014707488439066316,0.03303659572735018,0.013954495677318768,0.037670666923270396,1.1553859066588341,0.00704846105493756
ladder b1.1 +0.4@20 52w sticky r0.0,ladder-sticky,0.16772251133773253,0.24458142320312815,0.5844565902481355,-0.47541562725748043,0.1354770082670988,0.35279132977868155,0.09572095451809548,-0.47541562725748043,0.1787200002430351,0.24040221769445735,-0.3297629981246627,0.07359793304634701,1.141188118811881,0.5991084695393759,-0.001583872511256773,0.007084981128281126,0.005140590909726989,-2.497768859838212e-05,0.03282067637683758,-0.0008735290482017877,0.018119872135757525,1.2002270108593684,-0.001583872511256773
ladder b1.1 +0.4@20 52w sticky r0.02,ladder-sticky,0.16608414246794712,0.24440794120781606,0.5789510763092303,-0.47541562725748043,0.13548815049146654,0.3493451475838794,0.09556188828869416,-0.47541562725748043,0.17873038507495909,0.23718339742218864,-0.3297629981246625,0.07361397034266126,1.1385958595859584,0.5991084695393759,-0.0032222413810421846,0.00544119509304794,0.0035614521345143646,-0.00018466140410554333,0.02957507795241074,-0.0010325952776031044,0.014901051863488918,1.2003067299461971,-0.0032222413810421846
ladder b1.1 +0.4@20 52w level,ladder-level,0.16592828069697907,0.2360723789419385,0.590029733020984,-0.4456961619982479,0.11210871479878691,0.37229012687264595,0.10247006142032511,-0.4456961619982479,0.14222714997283573,0.22950697891113214,-0.29068260135688084,0.07249542167948765,1.1138253825382538,1.0484398216939077,0.0025622798770419675,0.01742397410928867,0.006280821953040305,0.00976070375642274,0.02377240024450822,0.0066063213392448805,0.027375832280636198,1.0329885372257028,0.0025622798770419675
ladder b1.2 +0.2@10 ath sticky r0.0,ladder-sticky,0.17711641250602117,0.270464153741173,0.583000959636956,-0.48280810528684925,0.1554468983922805,0.36684639418137266,0.1023919977699641,-0.48280810528684925,0.20182774738114345,0.25268745265753356,-0.36792967003077104,0.09138015764489017,1.344014401440144,0.6590193164933135,0.0063552248538329414,0.007054455457319114,0.006075136383562857,0.005655550322336875,0.016075698791305992,0.005662777631786672,0.010808538965644904,1.3432018534104955,0.005655550322336875
ladder b1.2 +0.2@10 ath sticky r0.02,ladder-sticky,0.1748906010001563,0.27009749731340044,0.5764150529693063,-0.48280810528684803,0.15543960646007768,0.3622362571901098,0.10165294116792345,-0.48280810528684803,0.20182774559229963,0.24886994811662544,-0.36792967003077115,0.09135598938416993,1.3392259225922594,0.6590193164933135,0.0041294133479682915,0.004831970610643693,0.003962634100445561,0.0049164937595060215,0.012296616520191123,0.004923721029746031,0.006991034424736725,1.3431496101917242,0.003962634100445561
ladder b1.2 +0.2@10 ath level,ladder-level,0.1725819438917382,0.26638370852366866,0.5733026277584711,-0.4752906353646488,0.1513068910288923,0.3631082353628348,0.10042162484950379,-0.4752906353646488,0.1978149402503159,0.2454128271419984,-0.35984696165181906,0.08600791970619212,1.3152835283528352,1.3030609212481425,0.003300235540105334,0.0044087034625442945,0.002826860590840252,0.003809511260666615,0.017399903156267466,0.0038295792665958145,0.00767365606513154,1.313540673851412,0.002826860590840252
ladder b1.2 +0.2@10 52w sticky r0.0,ladder-sticky,0.17776032248850115,0.26322422499664233,0.593719140243172,-0.48280810528684925,0.15028741921373323,0.3681800710095556,0.10590123178951227,-0.48280810528684925,0.19473969832620258,0.25024758689378546,-0.36792967003077093,0.08941025631631994,1.273159315931593,0.8237741456166418,0.006999134836312926,0.010052176246684558,0.009016056607719675,0.009395191376651582,0.01676754702173236,0.009172011651334841,0.008368673201896853,1.306236644193815,0.006999134836312926
ladder b1.2 +0.2@10 52w sticky r0.02,ladder-sticky,0.17505291494984654,0.26221102306115895,0.5862143797868221,-0.48280810528684803,0.15028226347147325,0.36257244448256176,0.10532100377498366,-0.48280810528684803,0.1947301452165257,0.2452728072569892,-0.36792967003077115,0.08941218724655069,1.2627542754275427,0.8237741456166416,0.004291727297658532,0.00734712081401373,0.006632804000629516,0.008815292873982167,0.011789697626498064,0.008591783636806238,0.0033938935651004754,1.3061997057578385,0.004291727297658532
ladder b1.2 +0.2@10 52w level,ladder-level,0.1719201363528533,0.25654628492307024,0.5829964231563225,-0.4752906353646488,0.14429210419941527,0.3617158083094864,0.1064721317797217,-0.4752906353646488,0.1872321852208991,0.2375884151311305,-0.3598469616518195,0.08520182860993446,1.2280108010801078,1.7374145616641898,0.0026384280012204386,0.007024494387147667,0.00533608244608344,0.010279529136504595,0.010873880857664081,0.009880086196813728,-0.00015075594573660256,1.2633061484265236,0.0026384280012204386
"ladder b1.2 +0.1@5,+0.2@10 ath sticky r0.0",ladder-sticky,0.17427696223381073,0.27208802378139063,0.5723027560034301,-0.4864756314340275,0.1573981199105271,0.3582439714813238,0.10018696410162464,-0.4864756314340275,0.20382386004987513,0.2491762758451257,-0.3727838827535188,0.09365630229819003,1.351035103510351,0.7039524517087666,0.0028040234858924817,0.003340465961047673,0.002733855410557262,0.0034067637097258407,0.008965565846830448,0.0034114736526532907,0.004812552445163515,1.3571805585886543,0.002733855410557262
"ladder b1.2 +0.1@5,+0.2@10 ath sticky r0.02",ladder-sticky,0.1731826913182246,0.27147938625419177,0.5695382732810982,-0.48647563143402783,0.15698363363888776,0.35599458663061595,0.0994493857801717,-0.48647563143402783,0.20382385827855098,0.24770242468096448,-0.3727838827535188,0.0922908722426487,1.343960396039604,0.7638632986627043,0.0017097525703062832,0.0024288253040546104,0.0018276740521647183,0.0026691854270986942,0.00964283299203264,0.0026738953312003405,0.0033387012810023042,1.3542113205233,0.0017097525703062832
"ladder b1.2 +0.1@5,+0.2@10 ath level",ladder-level,0.17188081305099967,0.2688996864379992,0.5682640240641693,-0.4827431734166112,0.15466619348288624,0.35605021990163943,0.09873671795390826,-0.4827431734166112,0.20180799917380732,0.24577180698467926,-0.36877951945758614,0.08880404850897491,1.3263006300630065,1.4079049034175333,0.0011322266258879665,0.0021750221169631045,0.0013230101768177682,0.0020007033687284154,0.013255505471551049,0.0020083170103857018,0.0034578661881367323,1.3376084748322385,0.0011322266258879665
"ladder b1.2 +0.1@5,+0.2@10 52w sticky r0.0",ladder-sticky,0.17498659691397744,0.26625515841989195,0.5811713465376843,-0.4864756314340275,0.15343962879598327,0.35970269753934825,0.10320888772511161,-0.4864756314340275,0.19840379613277698,0.24739738348572105,-0.3727838827535188,0.09209905683172458,1.2908550855085508,0.9735512630014859,0.003513658166059197,0.005840378199435559,0.005272640804642237,0.006576462949321862,0.009642736515581507,0.006433397276140257,0.003033660085758866,1.328820723452665,0.003513658166059197
"ladder b1.2 +0.1@5,+0.2@10 52w sticky r0.02",ladder-sticky,0.1730742804331944,0.2648167888701347,0.5767261559130227,-0.48647563143402783,0.1528090930235399,0.3557717370611305,0.10218269321890161,-0.48647563143402783,0.19809357789367102,0.24454251706054264,-0.3727838827535188,0.09067805226139343,1.275949594959496,1.078395245170877,0.0016013416852760642,0.004215719031327836,0.0038205036490630284,0.005560968685460202,0.009046957809239198,0.005407202769930244,0.00017879366058046187,1.3243032351674358,0.0016013416852760642
"ladder b1.2 +0.1@5,+0.2@10 52w level",ladder-level,0.17072071442033465,0.2606591847967478,0.5740072794805945,-0.4827431734166112,0.14918320541042682,0.35364708155696967,0.10266620037511776,-0.4827431734166112,0.19360132504027874,0.23916550442748008,-0.36877951945758625,0.08809557645181912,1.2474527452745272,2.24665676077266,-2.7872004777051984e-05,0.003519851417397357,0.0027970849806592812,0.0061994254486364975,0.007789943075022371,0.005937799431595198,-0.0031484363690625072,1.2983265311198844,-2.7872004777051984e-05
"ladder b1.2 +0.2@5,+0.4@10 ath sticky r0.0",ladder-sticky,0.1865784175757459,0.30588749995788495,0.575052788035014,-0.5384511477352079,0.18005273615100648,0.34650946211279854,0.10329445397342774,-0.5384511477352079,0.23475736738598224,0.27139760452470685,-0.4078602636876474,0.10371662001601194,1.5020702070207022,1.048439821693908,0.00529443716120645,0.006104916898549001,0.005163520647006092,0.006434788330437563,0.0156250015261295,0.0064268739017138005,0.009166591113510425,1.5197104136291684,0.005163520647006092
"ladder b1.2 +0.2@5,+0.4@10 ath sticky r0.02",ladder-sticky,0.184392378925067,0.30473668372612306,0.5700126944648582,-0.5384511477352079,0.17930378852191534,0.34244959770379196,0.10181825075536888,-0.5384511477352079,0.23475736429745026,0.2684472921070933,-0.40786026368764716,0.10115695799759394,1.487920792079208,1.1682615156017833,0.003108398510527549,0.004214617968273049,0.00329482902510439,0.004958585063032386,0.016580731933300674,0.0049506706836549424,0.006216278695896971,1.5143220181632184,0.003108398510527549
"ladder b1.2 +0.2@5,+0.4@10 ath level",ladder-level,0.18192026538406192,0.29969611614042146,0.567508357368761,-0.5316407255505287,0.17471459959438987,0.34218647413754555,0.10043975387788051,-0.5316407255505287,0.23090995422079097,0.26479433374771255,-0.4002362811115058,0.09363195757174297,1.4526012601260123,2.456344725111442,0.0018836152950312268,0.003593576400422821,0.002212693399360449,0.0035186170572262115,0.024621786260684647,0.003506442170791907,0.006433576909743222,1.4813518609773086,0.0018836152950312268
"ladder b1.2 +0.2@5,+0.4@10 52w sticky r0.0",ladder-sticky,0.18833689627248762,0.29453448725399806,0.5905850368916326,-0.5384511477352079,0.17242533107012656,0.34977527128441627,0.10977939111938051,-0.5384511477352079,0.22445888835090008,0.2680020110004866,-0.40786026368764716,0.1004555865816436,1.3817101710171016,1.5876374442793464,0.007052915857948178,0.010948468887143903,0.010097612679898033,0.012800447195164669,0.017211702426662534,0.012911811047666574,0.005770997589290283,1.464923130525092,0.007052915857948178
"ladder b1.2 +0.2@5,+0.4@10 52w sticky r0.02",ladder-sticky,0.18453187341150667,0.2917575714586045,0.5824062785155105,-0.5384511477352079,0.17130172853387035,0.34270866389211085,0.107773190974912,-0.5384511477352079,0.2239487690972687,0.26226692468862267,-0.40786026368764705,0.09775363832610963,1.3518991899189918,1.7973254086181278,0.003247892996967233,0.007603956927502403,0.007089411060724582,0.010792579285053658,0.015654455394104844,0.010905610903198068,3.5911277426414756e-05,1.4568596975953443,0.003247892996967233
"ladder b1.2 +0.2@5,+0.4@10 52w level",ladder-level,0.18001703440300032,0.28348052052288064,0.5774941196524349,-0.5316407255505287,0.16433713870068534,0.3386065546739063,0.10897258562480738,-0.5316407255505287,0.2155386166506374,0.25162260135782244,-0.400236281111506,0.09225955590230618,1.2949054905490547,4.133848439821694,-1.9615686030372004e-05,0.0060376150455888344,0.005006406729415547,0.012007371746223364,0.013612795828163965,0.012039273917718779,-0.006738155480147001,1.406898458935015,-1.9615686030372004e-05
"ladder b1.2 +0.2@10,+0.4@20 ath sticky r0.0",ladder-sticky,0.1879489335697817,0.29683362923676254,0.5872061631367823,-0.5199364605032588,0.17016064597767366,0.3614844271314643,0.10341725537767377,-0.5199364605032588,0.2244392362886131,0.27412631927368225,-0.37694509870555926,0.09220756587197429,1.4730873087308727,0.7938187221396732,0.010087012216773411,0.011491591090838998,0.009049923393895237,0.006438247203708378,0.036199166566876634,0.006434047744455593,0.02763597097944115,1.4486714224452322,0.006438247203708378
"ladder b1.2 +0.2@10,+0.4@20 ath sticky r0.02",ladder-sticky,0.1849431526176324,0.29642008762831606,0.5790605494037784,-0.5199364605032588,0.17015516449603016,0.3557033727517811,0.10267751143083603,-0.5199364605032588,0.22443923467998977,0.2686583940185001,-0.37694509870555915,0.09218785795069251,1.466282628262826,0.7938187221396732,0.007081231264624094,0.00848814252868399,0.006162806010345301,0.005698503251611461,0.030762572613409506,0.005694303797617858,0.022168045724259067,1.4486321028871403,0.005698503251611461
"ladder b1.2 +0.2@10,+0.4@20 ath level",ladder-level,0.1824406756127661,0.2868249391224462,0.5810918002558778,-0.48560037759394414,0.15556340429442608,0.3757012639008321,0.10693250088589878,-0.48560037759394414,0.20523220297052555,0.25883430284954123,-0.3503047954532602,0.08406975187063948,1.4105490549054902,1.6325705794947993,0.011137596016418061,0.012325567297812895,0.00643328606037305,0.010121430919207072,0.03395949710696933,0.010168052830513474,0.02599004500670174,1.344036562670627,0.00643328606037305
"ladder b1.2 +0.2@10,+0.4@20 52w sticky r0.0",ladder-sticky,0.18445942078402622,0.27594191489705616,0.5991975305239894,-0.5199364605032588,0.15798175537228962,0.35477300554279956,0.10613940151278123,-0.5199364605032588,0.20760909678424475,0.2638850187575026,-0.37694509870555926,0.0877677044198066,1.2937533753375337,0.9585735512630016,0.0065974994310179225,0.013265764015007897,0.011725331412007073,0.009276232231155965,0.03303756852707651,0.009156193879563054,0.017394670463261486,1.361361523672255,0.0065974994310179225
"ladder b1.2 +0.2@10,+0.4@20 52w sticky r0.02",ladder-sticky,0.1809111640608736,0.2748868655789086,0.589518341271595,-0.5199364605032588,0.15798555046553645,0.34794860103822184,0.10547929426705638,-0.5199364605032588,0.20760985669544188,0.25722902798039016,-0.37694509870555937,0.08777836750614096,1.2820522052205219,0.9585735512630016,0.0030492427078653017,0.009715835104117138,0.008503120570351519,0.008616108328880226,0.02636440246833424,0.008496086633838204,0.010738679686149,1.3613887104239066,0.0030492427078653017
"ladder b1.2 +0.2@10,+0.4@20 52w level",ladder-level,0.17788113029819952,0.2651681146286113,0.5913213903888415,-0.48560037759394414,0.1405670461360764,0.3663117627287814,0.11026227708386793,-0.48560037759394414,0.18243174482841348,0.24583694263334088,-0.3503047954532601,0.08291812171329976,1.2349234923492345,2.096879643387816,0.006578050701851468,0.01476890775070308,0.008514953435458494,0.014295643114573459,0.022842889280145356,0.013497829028482622,0.012992684790501446,1.2366446198973797,0.006578050701851468
"ladder b1.2 +0.3@10,+0.6@20 ath sticky r0.0",ladder-sticky,0.1999488345640572,0.3268265585234286,0.5926312465294364,-0.5624492569025518,0.18878701782561028,0.3554966641172036,0.10509840486716371,-0.5624492569025518,0.2511996473748365,0.2974521914440329,-0.39719784519377044,0.09699017635673737,1.6096309630963097,1.0109955423476968,0.014366043492597957,0.016095878118926488,0.013061638598008352,0.00874809127042711,0.05202021159721901,0.00865643814199231,0.0406354482115599,1.5826182776991184,0.00874809127042711
"ladder b1.2 +0.3@10,+0.6@20 ath sticky r0.02",ladder-sticky,0.1954085585489984,0.32623514234906936,0.5814873064689972,-0.5624492569025511,0.18879115344969266,0.3474243341081603,0.10398827188778226,-0.5624492569025511,0.251199645214505,0.2891312588943691,-0.39719784519377066,0.09700586533837961,1.5994239423942396,1.0109955423476968,0.009825767477539271,0.011554032568604405,0.008671058692021893,0.007637958201005643,0.043675020239629075,0.007546305162610845,0.03231451566189597,1.5826480941163006,0.007637958201005643
"ladder b1.2 +0.3@10,+0.6@20 ath level",ladder-level,0.1920383736568465,0.31205676328259135,0.5840002300863193,-0.5145092176779782,0.16756995059843247,0.37324573993743254,0.11052739143860424,-0.5145092176779782,0.22366982268418217,0.27489494057448893,-0.35746992519721044,0.08413194129282735,1.5158235823582358,2.269123328380386,0.015191073335327016,0.016683381303992384,0.008962338150613647,0.013545867771319955,0.049918571926822586,0.01353363249012747,0.03837513488670807,1.43008794372773,0.008962338150613647
"ladder b1.2 +0.3@10,+0.6@20 52w sticky r0.0",ladder-sticky,0.19553446426872312,0.29568245151207195,0.6096042679007022,-0.5624492569025518,0.17108252732381668,0.3476481866925123,0.11036795277193034,-0.5624492569025518,0.22713954783395926,0.28236628097292904,-0.39719784519377077,0.08974725632345444,1.3406300630063006,1.2581277860326896,0.009951673197263866,0.018696387869232056,0.016965778428076034,0.013397772899949908,0.048350484500749136,0.013925986046758945,0.025549537740455874,1.4552866197512193,0.009951673197263866
"ladder b1.2 +0.3@10,+0.6@20 52w sticky r0.02",ladder-sticky,0.19018908018783054,0.2941402738019219,0.5960081198485112,-0.5624492569025511,0.1711118895159973,0.33814442432587716,0.10939432067578947,-0.5624492569025511,0.22717825258835805,0.2722750847181392,-0.3971978451937703,0.08976396156157922,1.3230783078307828,1.2581277860326896,0.004606289116371398,0.013338969631108533,0.012062914052004159,0.012424267343748727,0.03823273055636714,0.012952353950618056,0.015458341485666272,1.4554973348926317,0.004606289116371398
"ladder b1.2 +0.3@10,+0.6@20 52w level",ladder-level,0.18593964712464817,0.27951624279196313,0.5990100979852382,-0.5145092176779782,0.14491686767003056,0.36139225641827927,0.11687212381051637,-0.5145092176779782,0.18955630537243728,0.255411028413677,-0.35746992519721044,0.08236003884458157,1.252385238523852,2.9655869242199104,0.009092346803128676,0.020749548382518884,0.012110522543917979,0.020570286855162365,0.033328392395397755,0.019878364862039602,0.018891222725896162,1.2677794673970086,0.009092346803128676
"ladder b1.2 +0.1@5,+0.2@10,+0.3@15 ath sticky r0.0",ladder-sticky,0.17864376322708808,0.2863429823633053,0.570640954389377,-0.5096346453914204,0.16672578021416937,0.35053300406977295,0.10142168056400269,-0.5096346453914204,0.21750412992700613,0.25690653169581146,-0.38353674738959254,0.09578931048368422,1.4165076507650765,0.7788410104011886,0.002719429856467004,0.0036479683842882693,0.0027800148220107623,0.00443808957344001,0.013352142766091618,0.004442253329133325,0.007050228119389129,1.4240325724572978,0.002719429856467004
"ladder b1.2 +0.1@5,+0.2@10,+0.3@15 ath sticky r0.02",ladder-sticky,0.17705064799712145,0.2857149886293896,0.5665280391220763,-0.50963464539142,0.1663306355896905,0.3474070093118167,0.1004583519093194,-0.50963464539142,0.21750412743199785,0.2546390515456123,-0.38353674738959265,0.09444132751575243,1.4083888388838883,0.8387518573551263,0.001126314626500452,0.002222988601703002,0.001374065222022075,0.003474760942084487,0.01319774510682925,0.003478924674450032,0.004782747969189899,1.4211981358893486,0.001126314626500452
"ladder b1.2 +0.1@5,+0.2@10,+0.3@15 ath level",ladder-level,0.17557443065940315,0.2810361404402728,0.5667397118247063,-0.5007853742616475,0.16151775405106988,0.35059815977706654,0.10040029581959864,-0.5007853742616475,0.21285778991358614,0.2516371293198634,-0.376758164283044,0.08798764917822216,1.3774797479747973,1.6325705794947996,0.001336627616167041,0.002822747974264045,0.0012923197103630046,0.0034601470747557816,0.020435408941907957,0.003469294686495303,0.005242237099974484,1.3866922103426516,0.0012923197103630046
"ladder b1.2 +0.1@5,+0.2@10,+0.3@15 52w sticky r0.0",ladder-sticky,0.17948229887180966,0.2750832044433322,0.5850221560790096,-0.5096346453914204,0.1595258801458586,0.35217837031852467,0.10711777823631574,-0.5096346453914204,0.20762034328391973,0.25250511889008354,-0.3835367473895923,0.09296920323742164,1.3095229522952294,1.0933729569093613,0.003557965501188587,0.007608272387332471,0.007013580039365641,0.010254362441815115,0.01337149742286703,0.010138351001446375,0.0026488153136613457,1.372423106091388,0.003557965501188587
"ladder b1.2 +0.1@5,+0.2@10,+0.3@15 52w sticky r0.02",ladder-sticky,0.1767652632412322,0.2733352730638405,0.5785637530910667,-0.50963464539142,0.15894227911471046,0.346847030200369,0.10542401641659738,-0.50963464539142,0.20735955137618928,0.24870117501355749,-0.3835367473895924,0.09156220404220214,1.292043204320432,1.19072808320951,0.0008409298706112123,0.005148382082249686,0.004836714254519564,0.008566316939609353,0.011800007032124082,0.00844458918172801,-0.0011551285628647878,1.3682423876569474,0.0008409298706112123
"ladder b1.2 +0.1@5,+0.2@10,+0.3@15 52w level",ladder-level,0.17213817621595373,0.267198046743387,0.5708614817832225,-0.5007853742616475,0.15312206245513102,0.3437364289437414,0.10399806007916412,-0.5007853742616475,0.20019939098479683,0.24066925293866315,-0.3767581642830439,0.08726837266225564,1.2543114311431143,2.471322436849926,-0.002099626827282375,0.0031368347378796513,0.0021225606947366527,0.007303700517942588,0.01062608800554532,0.007067058946060786,-0.005725639281225686,1.3265455119781058,-0.002099626827282375
ladder b1.2 +0.5@15 ath sticky r0.0,ladder-sticky,0.18236164711345682,0.3112041656545977,0.5589353894176038,-0.5492278146821149,0.18264262481377755,0.33203279629784427,0.10158452914865457,-0.5492278146821149,0.24214386346257952,0.26446699638968485,-0.3920346872079816,0.09603715345091646,1.527362736273627,0.7339078751857356,-0.0008717049079040307,0.0008654675208700779,-0.0004888928246191415,0.004907766646897807,0.020524091694544166,0.004870070948379657,0.010279471118908146,1.5383436848830288,-0.0008717049079040307
ladder b1.2 +0.5@15 ath sticky r0.02,ladder-sticky,0.17987973005021796,0.31097558920198687,0.5523576451186067,-0.5492278146821146,0.182648293684812,0.327513875374884,0.10045944690249042,-0.5492278146821146,0.24214385971199254,0.2605211211353984,-0.3920346872079816,0.0960581668759731,1.5221422142214218,0.7339078751857356,-0.003353621971142834,-0.0016186880304413787,-0.0029103558408885566,0.003782684292826216,0.016545276038473583,0.0037449887022155126,0.006333595864621677,1.5383844702701406,-0.003353621971142834
ladder b1.2 +0.5@15 ath level,ladder-level,0.17902715611157527,0.30069613804113404,0.5582834272143768,-0.5245874031162534,0.17051060643761834,0.34127231238890654,0.10374211090550811,-0.5245874031162534,0.22944992227200942,0.25519469123460126,-0.3779763651545123,0.08096061501046332,1.4558955895589556,1.4827934621099552,0.00029574276358740326,0.0024234827098520706,-0.0009561801264834635,0.006797646753094688,0.03539748487704575,0.006767945351912885,0.008177737698245563,1.4511822807539543,-0.0009561801264834635
ladder b1.2 +0.5@15 52w sticky r0.0,ladder-sticky,0.18299536680094053,0.28450128922296475,0.5851677948596773,-0.5492278146821149,0.16691489382137914,0.3331866338685989,0.11496936164284866,-0.5492278146821149,0.22060745674665624,0.2513671409810936,-0.39203468720798174,0.08976417231317894,1.293339333933393,0.9585735512630016,-0.000237985220420317,0.007919103443616321,0.007680511861230421,0.017977825985899143,0.017324451770187543,0.018254903442573744,-0.0028203842896831754,1.4253891150762923,-0.000237985220420317
ladder b1.2 +0.5@15 52w sticky r0.02,ladder-sticky,0.17899536114389591,0.2827844997083197,0.5750210989291766,-0.5492278146821146,0.16696849662424906,0.32590367122520175,0.11162703975625665,-0.5492278146821146,0.22066741644441273,0.24668073893088716,-0.39203468720798174,0.08981857075452074,1.28046804680468,0.9211292719167906,-0.004237990877464876,0.003896289602724312,0.0041921737156505046,0.01463570012939841,0.012551568048264572,0.014912581555981741,-0.007506786339889604,1.425773616687062,-0.004237990877464876
ladder b1.2 +0.5@15 52w level,ladder-level,0.16766456156342158,0.27258804502496664,0.5506327373310971,-0.5245874031162534,0.1553589576108215,0.3196122525387167,0.10205673593767628,-0.5245874031162534,0.20646832178238142,0.23351632183992233,-0.3779763651545123,0.08080976629649532,1.234293429342934,1.4827934621099554,-0.01106685178456629,-0.002357275939372655,-0.004033068716057853,0.005218571389433449,0.013965507537313987,0.005082570384081053,-0.013500631696433368,1.3425717996254494,-0.01106685178456629
ladder b1.2 +0.4@20 ath sticky r0.0,ladder-sticky,0.1832586338724853,0.29149614657619355,0.5789960144629779,-0.5080038295385486,0.16441005434045528,0.3607426228242226,0.09897371080007056,-0.5080038295385486,0.2180449820247036,0.2691910839360856,-0.3551959987248211,0.0862426454824152,1.4581458145814579,0.6290638930163448,0.00764510806487298,0.009248188650227557,0.005891186003520621,0.0019850629626868566,0.040800081673015715,0.002003207922167391,0.03383775057243851,1.407421494661521,0.0019850629626868566
ladder b1.2 +0.4@20 ath sticky r0.02,ladder-sticky,0.18173953394369313,0.2913445064955049,0.5747339793466208,-0.5080038295385486,0.16441115815252985,0.35775229117618745,0.09897371080007056,-0.5080038295385486,0.2180449820247036,0.26601769686513266,-0.3551959987248213,0.08624674549612667,1.4541134113411338,0.6290638930163448,0.006126008136080802,0.0077286190454598225,0.004415598390659137,0.0019850629626868566,0.03762009061443927,0.002003207922167391,0.030664363501485464,1.4074294124848055,0.0019850629626868566
ladder b1.2 +0.4@20 ath level,ladder-level,0.18109064613264292,0.2795590697500317,0.5846266142790864,-0.47489074390578634,0.14354717519499724,0.3813311766054752,0.10984588842145859,-0.47489074390578634,0.18779501330893159,0.25290665250352595,-0.31703842534517945,0.08103504527132441,1.3905310531053103,1.0184843982169391,0.011887883066280025,0.016546096065907262,0.007248757515977283,0.013626832697058541,0.03298789245960315,0.01326164277430758,0.03717860713537105,1.2579724418257747,0.007248757515977283
ladder b1.2 +0.4@20 52w sticky r0.0,ladder-sticky,0.17439156458953375,0.26428293715041706,0.5814096987376819,-0.5080038295385486,0.15003121948743317,0.3432878936128187,0.09652424968970519,-0.5080038295385486,0.19788044201903998,0.25337300594789136,-0.3551959987248212,0.08157536219882505,1.241188118811881,0.6290638930163448,-0.0012219612180785766,0.006800299463740195,0.005308583637516628,-9.012322727984523e-05,0.03257184251609205,-0.00044625318819797866,0.018019672584244223,1.3044010952641252,-0.0012219612180785766
ladder b1.2 +0.4@20 52w sticky r0.02,ladder-sticky,0.17274767089824272,0.26411007071587156,0.5763116460265975,-0.5080038295385486,0.15004672285665802,0.34005190680385255,0.0963655586797636,-0.5080038295385486,0.19789436186491832,0.25012795530171594,-0.3551959987248212,0.08159888232695738,1.2385958595859583,0.6290638930163448,-0.0028658549093696084,0.005149332965919323,0.003719995315567576,-0.00024929436928838866,0.02928838063441591,-0.0006049441981395703,0.014774621938068805,1.3045121695154456,-0.0028658549093696084
ladder b1.2 +0.4@20 52w level,ladder-level,0.1727867805358263,0.25581437488620484,0.5863599401500099,-0.47489074390578634,0.1271273935495734,0.3638453323278617,0.10342587180423313,-0.47489074390578634,0.16221787324112227,0.2426184937236049,-0.31703842534517934,0.08043405186119676,1.2138253825382537,1.078395245170877,0.0035840174694634075,0.01635486270055725,0.006444789190499012,0.008824168513523634,0.0236881806228581,0.006841626157082115,0.026890448355450042,1.1404750147814757,0.0035840174694634075
ladder b1.3 +0.2@10 ath sticky r0.0,ladder-sticky,0.1831681345058669,0.2903329977289893,0.5799900082429438,-0.5144544022381783,0.16951567066786186,0.35604347772898454,0.10254317932897572,-0.5144544022381783,0.22020138151258173,0.2651038173822733,-0.39229255934990215,0.09941478932113673,1.4440144014401441,0.6889747399702822,0.006331081910469438,0.006985231322177515,0.00613444602217908,0.005550316064179911,0.015922823001581515,0.005549313811656367,0.010784976728697049,1.4440449097956776,0.005550316064179911
ladder b1.3 +0.2@10 ath sticky r0.02,ladder-sticky,0.18093984651825679,0.28996515428740643,0.5738538942463061,-0.5144544022381786,0.16950840971875494,0.3517121162362733,0.10180533595485941,-0.5144544022381786,0.22020137973647017,0.2612657091952082,-0.39229255934990215,0.09939066688474255,1.4392259225922592,0.6889747399702822,0.0041027939228592825,0.004760032894315619,0.0040117087568483645,0.004812472684256844,0.012122013701374751,0.004811470437540058,0.0069468685416319564,1.4439928258284622,0.0040117087568483645
ladder b1.3 +0.2@10 ath level,ladder-level,0.17871089308267507,0.2862413441426467,0.570944451429193,-0.5073438025455147,0.16542940181403296,0.3522481051035261,0.10060371885067942,-0.5073438025455147,0.21627363029697944,0.2579323639920814,-0.38449485494390645,0.09403720420475169,1.415283528352835,1.3330163447251113,0.003223157922034703,0.004266711873921081,0.002877436670291361,0.0036316327579785784,0.017124556575890126,0.003636827856044869,0.007586812984868019,1.4147334396446163,0.002877436670291361
ladder b1.3 +0.2@10 52w sticky r0.0,ladder-sticky,0.18399407698774373,0.28307623017393324,0.5899137726144018,-0.5144544022381783,0.16443291796232043,0.3576489503972784,0.10628362183749607,-0.5144544022381783,0.21326929524728774,0.2627613548969736,-0.39229255934990215,0.09738544559531548,1.3731593159315933,0.8537295690936106,0.007157024392346278,0.009973903212817131,0.009103942965238754,0.009339625609307164,0.016718197042790095,0.009289756320176715,0.00844251424339737,1.4075854991345058,0.007157024392346278
ladder b1.3 +0.2@10 52w sticky r0.02,ladder-sticky,0.18129666807264844,0.28206172801390833,0.5829262918170826,-0.5144544022381786,0.16443448518374607,0.35240570842411206,0.10572924583926135,-0.5144544022381786,0.2132679894725639,0.2577591458214261,-0.39229255934990215,0.0973922620131584,1.3627542754275428,0.8537295690936106,0.004459615477250933,0.007275827439414212,0.006708893652859704,0.008785261819775694,0.01170544820277819,0.008735380321942002,0.0034403051678498775,1.4075967410683288,0.004459615477250933
ladder b1.3 +0.2@10 52w level,ladder-level,0.178281713811288,0.27639482671618143,0.5798766397447492,-0.5073438025455147,0.15853977119710363,0.3514021713023567,0.10701361812879173,-0.5073438025455147,0.20589192108909213,0.2501334283101455,-0.38449485494390634,0.09323532995736455,1.3280108010801082,1.7673699851411586,0.0027939786506476216,0.006842185028266057,0.005407659386671676,0.010188087750857333,0.010582629678484085,0.010046727134157177,-0.00021212269706782916,1.3653589584281873,0.0027939786506476216
"ladder b1.3 +0.1@5,+0.2@10 ath sticky r0.0",ladder-sticky,0.18027015964243054,0.29196702417657455,0.570017018154892,-0.5179233189048787,0.17137192829080608,0.34806341607402846,0.10031951334939082,-0.5179233189048787,0.22215994883074602,0.2614862837442198,-0.39698212636321184,0.10146055835308898,1.451035103510351,0.7339078751857356,0.002784594363922338,0.003313471637984511,0.002767595946440299,0.003333053354533405,0.00915642959581231,0.0033323918887747384,0.0047793903024256346,1.4573634798612884,0.002767595946440299
"ladder b1.3 +0.1@5,+0.2@10 ath sticky r0.02",ladder-sticky,0.17918565302989298,0.29135553445288237,0.5674418634690379,-0.5179233189048789,0.17096478684094285,0.34596946399086925,0.09958315809586682,-0.5179233189048789,0.22215995119125312,0.260028444279232,-0.39698212636321184,0.10011327493248628,1.4439603960396041,0.7938187221396732,0.001700087751384749,0.00239583281899422,0.0018585530630489955,0.002596698108726772,0.009767428985056947,0.002596036635250737,0.0033215508374378477,1.4544416657250985,0.001700087751384749
"ladder b1.3 +0.1@5,+0.2@10 ath level",ladder-level,0.17794002464970915,0.2887708707236284,0.5662463795063839,-0.514393062780711,0.16872162044684882,0.34592228691382276,0.09888988145846844,-0.514393062780711,0.22018238446377006,0.258188544290322,-0.3931191254223081,0.0967880354721844,1.4263006300630063,1.4378603268945023,0.0011144394431148175,0.002094992667809159,0.0013545802151702369,0.0018969560854007195,0.013069121179452053,0.0018958966887083206,0.003448794113914966,1.4383490585963963,0.0011144394431148175
"ladder b1.3 +0.1@5,+0.2@10 52w sticky r0.0",ladder-sticky,0.18112684994645223,0.2861211770158515,0.5782490108341846,-0.5179233189048787,0.16746355421686535,0.3497175032192706,0.1035247005085893,-0.5179233189048787,0.2168535346044841,0.25978989396858343,-0.3969821263632122,0.09984332488574842,1.390855085508551,1.0035066864784548,0.003641284667944028,0.005817129633520546,0.005329207834075977,0.006547192439591454,0.009946284117463067,0.006537579047973224,0.0030830005267891147,1.4293247452026103,0.003641284667944028
"ladder b1.3 +0.1@5,+0.2@10 52w sticky r0.02",ladder-sticky,0.17923990507962517,0.2846787178357754,0.5741075230850935,-0.5179233189048789,0.16684453500556692,0.3460742131839485,0.102529397888935,-0.5179233189048789,0.2165478339396176,0.25694639290190935,-0.39698212636321195,0.09844288492832097,1.3759495949594962,1.1083506686478455,0.0017543398011169442,0.0041935796494318445,0.0038721697745557615,0.005554748053161904,0.009268188346936712,0.005542276428318921,0.00023949946011514456,1.424884419863296,0.0017543398011169442
"ladder b1.3 +0.1@5,+0.2@10 52w level",ladder-level,0.17697245121783745,0.2805200144243714,0.5715444450327083,-0.514393062780711,0.16334514497392325,0.34404128675678103,0.1031066351413863,-0.514393062780711,0.21214539888184766,0.25161914416390596,-0.393119125422308,0.0960895347238407,1.3474527452745277,2.276612184249629,0.00014686601124311305,0.003415586552915628,0.0028441651331185813,0.006173147094245282,0.0075941271919024445,0.0061126503716261715,-0.003120606012501026,1.3997830146941659,0.00014686601124311305
"ladder b1.3 +0.2@5,+0.4@10 ath sticky r0.0",ladder-sticky,0.19185074689604886,0.3257135772970573,0.5729291632402126,-0.5680938498820204,0.19401693650644014,0.3377096001583043,0.1025806132764513,-0.5680938498820204,0.25305591693812907,0.2832173502385371,-0.43136240769555834,0.11155311844888714,1.602070207020702,1.078395245170877,0.0052801899387210915,0.006055479921663526,0.0052452628044492855,0.00630766675945342,0.015813372773584244,0.006285507920781849,0.00911231529343337,1.6203926649123663,0.0052452628044492855
"ladder b1.3 +0.2@5,+0.4@10 ath sticky r0.02",ladder-sticky,0.18968596688855288,0.3245533815199095,0.5682057131152318,-0.5680938498820203,0.1932749553608966,0.3338989973715544,0.10110798260829035,-0.5680938498820203,0.25305591383534604,0.28030167506784087,-0.43136240769555845,0.10901459659996361,1.5879207920792078,1.1982169390787518,0.003115409931225138,0.004161100270592605,0.0033741453667830157,0.004835035961972212,0.01661186286279226,0.0048128772526209035,0.006196640122737074,1.6150252122518842,0.003115409931225138
"ladder b1.3 +0.2@5,+0.4@10 ath level",ladder-level,0.18732983324172103,0.31949549858633974,0.5658589559790235,-0.561672147273168,0.1887303451227969,0.3335216712296997,0.09976949340823982,-0.561672147273168,0.24931190163016928,0.27683769013031356,-0.4240158561646148,0.10141994455876513,1.5526012601260124,2.486300148588411,0.001883031139577579,0.003498384990700515,0.002298236083309424,0.0033405008424341603,0.024569812609587627,0.0033073077966332826,0.006434799659252255,1.5822096871415008,0.001883031139577579
"ladder b1.3 +0.2@5,+0.4@10 52w sticky r0.0",ladder-sticky,0.19390744277752736,0.31431523701739195,0.5874896629800084,-0.5680938498820204,0.1864010508338737,0.34132994542679407,0.10942971006342717,-0.5680938498820204,0.24285474894236345,0.27999370491228714,-0.43136240769555867,0.10814052958568891,1.4817101710171017,1.6175928677563154,0.00733688582019959,0.010959998839323415,0.01023408468761014,0.012773400316920591,0.017598287511967015,0.013134604707757722,0.005888669967183235,1.5654162821136703,0.00733688582019959
"ladder b1.3 +0.2@5,+0.4@10 52w sticky r0.02",ladder-sticky,0.190155992175862,0.311523720464687,0.57982982905493,-0.5680938498820203,0.18528701417686272,0.33472636997452604,0.10748683337770881,-0.5680938498820203,0.24234550907439115,0.2742849395413449,-0.43136240769555834,0.10545860266350669,1.451899189918992,1.8272808320950968,0.003585435218534244,0.007631342907321148,0.007220936176407899,0.01081587238472237,0.015881356641203104,0.011191728022039368,0.00017990459624117605,1.5573844636843708,0.003585435218534244
"ladder b1.3 +0.2@5,+0.4@10 52w level",ladder-level,0.18581839428950442,0.3032395038533885,0.5751808673614313,-0.561672147273168,0.17855316375071326,0.3308307082550277,0.10887435073223473,-0.561672147273168,0.23425493072599188,0.26374814405277847,-0.4240158561646147,0.10005681236123631,1.394905490549055,4.163803863298663,0.000371592187360964,0.005937035312421957,0.0051337040373675424,0.012006657520625033,0.013574433001938058,0.01241216512062819,-0.0066547464182827865,1.5089215562928961,0.000371592187360964
"ladder b1.3 +0.2@10,+0.4@20 ath sticky r0.0",ladder-sticky,0.19346169351639197,0.3166225529660357,0.584329388181121,-0.5506077783376708,0.18434796453342855,0.35136026247298646,0.10280904229207066,-0.5506077783376708,0.24296324507046507,0.2863466531171075,-0.4012875566226598,0.10032672120101263,1.573087308730873,0.823774145616642,0.009981093048060247,0.011293428556477247,0.00917809502270861,0.006155854067689329,0.03575560033874142,0.006118967340550979,0.027452224288589677,1.5506142410128851,0.006155854067689329
"ladder b1.3 +0.2@10,+0.4@20 ath sticky r0.02",ladder-sticky,0.19045288527021875,0.31620576978139375,0.5766956888765153,-0.5506077783376712,0.18434475545947474,0.345895740603613,0.10207102099727972,-0.5506077783376712,0.24296324346074744,0.2808477329662964,-0.4012875566226599,0.10031523502576047,1.5662826282628262,0.823774145616642,0.006972284801886969,0.008285838205023821,0.006279517860851486,0.005417832726585484,0.03027444048146638,0.005380946045760046,0.021953304137778518,1.5505911047012018,0.005417832726585484
"ladder b1.3 +0.2@10,+0.4@20 ath level",ladder-level,0.18818370359052894,0.30658790254627455,0.578564966974769,-0.5132920753098978,0.16994023361358426,0.36662109672531734,0.10640680019907323,-0.5132920753098978,0.22409746308803452,0.27134932077859486,-0.375389806363707,0.09208394274853957,1.5105490549054905,1.6625260029717686,0.011563947582895306,0.011820147358820199,0.006575664894894695,0.009426674644029978,0.033618701908306375,0.009410674956466344,0.02565316597437914,1.44709036875982,0.006575664894894695
"ladder b1.3 +0.2@10,+0.4@20 52w sticky r0.0",ladder-sticky,0.1904602394742867,0.2957129898662695,0.5953507746910485,-0.5506077783376708,0.17232391055699797,0.34590909712409346,0.10620482149343546,-0.5506077783376708,0.22644057005811982,0.2763215863516999,-0.4012875566226597,0.09574402864976427,1.3937533753375337,0.9885289747399703,0.0069796390059549684,0.013113379503049027,0.011882790815064104,0.009232356408514872,0.03283818070047101,0.00951474654191578,0.017427157523182135,1.4641952952996238,0.0069796390059549684
"ladder b1.3 +0.2@10,+0.4@20 52w sticky r0.02",ladder-sticky,0.18692038328573846,0.29465370170536387,0.5863158196422159,-0.5506077783376712,0.17233469776833385,0.33948009933689277,0.10557097183105335,-0.5506077783376712,0.2264498569179534,0.2696264339109824,-0.4012875566226599,0.09575994907234614,1.3820522052205222,0.9885289747399703,0.0034397828174066725,0.009569102152875625,0.00864689173936925,0.00859853710826014,0.026118071589672054,0.008880896879533681,0.010732005082464524,1.4642727087552712,0.0034397828174066725
"ladder b1.3 +0.2@10,+0.4@20 52w level",ladder-level,0.18411043688991224,0.28494210656190955,0.5878700228990327,-0.5132920753098978,0.15532159834112597,0.3586855237902443,0.1105624043269291,-0.5132920753098978,0.20189611452348746,0.2583860782877634,-0.3753898063637072,0.09094339352888287,1.3349234923492352,2.1268350668647846,0.007490680882278611,0.014105643094380615,0.00866420188939429,0.013824458334747824,0.0224686842224128,0.013566279084322216,0.012689923483547555,1.3423041382641592,0.007490680882278611
"ladder b1.3 +0.3@10,+0.6@20 ath sticky r0.0",ladder-sticky,0.20484230535485004,0.34651592211263105,0.5898627858808202,-0.591639760894584,0.20295192412072982,0.3462280916433336,0.10369302132348301,-0.591639760894584,0.26969212606358806,0.30936295673536196,-0.4212433419244661,0.10513724973045666,1.7096309630963094,1.0409509658246658,0.014261563631146473,0.015864783008511907,0.013272947960042969,0.00837219861498402,0.051437682067362045,0.008228395924954626,0.04035797893362608,1.685150825524155,0.00837219861498402
"ladder b1.3 +0.3@10,+0.6@20 ath sticky r0.02",ladder-sticky,0.20030001946488563,0.345918237967797,0.5793588990986007,-0.5916397608945841,0.20295906899213095,0.3385506396020842,0.10258626961350048,-0.5916397608945841,0.2696921238841837,0.3009982958381754,-0.4212433419244659,0.10516412553997795,1.6994239423942392,1.0409509658246658,0.00971927774118203,0.011320002390724088,0.008868206223225233,0.007265446759441227,0.04303301866944359,0.007121644214972106,0.03199331803643962,1.6852026925377719,0.007265446759441227
"ladder b1.3 +0.3@10,+0.6@20 ath level",ladder-level,0.19728832271017072,0.3316911663147751,0.5817174756086813,-0.5411980160521768,0.18201174386405458,0.364539996190877,0.10924307548126722,-0.5411980160521768,0.24265336374601965,0.28727216066600314,-0.3826393472920313,0.09214193554559165,1.6158235823582359,2.299078751857355,0.015501252757417011,0.01604126141161616,0.009207450797461797,0.012580971718355802,0.04944934588140398,0.012402007150196806,0.03787410490335355,1.5338047346053347,0.009207450797461797
"ladder b1.3 +0.3@10,+0.6@20 52w sticky r0.0",ladder-sticky,0.20117387987725532,0.3153247315441078,0.6055927680282707,-0.591639760894584,0.185938001532155,0.3400276539444746,0.10997303336889486,-0.591639760894584,0.2467804589768756,0.2946174513185875,-0.42124334192446566,0.0977106735884499,1.4406300630063007,1.2880832095096586,0.010593138153551757,0.018402170530301853,0.017233530026654037,0.013438533322126134,0.04807141548305702,0.014508407970366469,0.025612473516851864,1.5620778570341967,0.010593138153551757
"ladder b1.3 +0.3@10,+0.6@20 52w sticky r0.02",ladder-sticky,0.19584313921995178,0.3137734046273463,0.5928454495548608,-0.5916397608945841,0.18598116145864388,0.331017541694339,0.10903933107575203,-0.5916397608945841,0.24683609852910585,0.2844697825326725,-0.421243341924466,0.0977378483737217,1.4230783078307832,1.2880832095096586,0.005262397496248183,0.013055049992903967,0.01231308530849759,0.012507150018508939,0.0378817281702947,0.013574705677223659,0.015464804730936699,1.5623890251549213,0.005262397496248183
"ladder b1.3 +0.3@10,+0.6@20 52w level",ladder-level,0.19193104877288691,0.2991560645413781,0.5954828164773647,-0.5411980160521768,0.1600132296997259,0.3546410797529289,0.11682965111711097,-0.5411980160521768,0.20954545014753065,0.2678460262659752,-0.38263934729203153,0.0903895813871738,1.3523852385238526,2.9955423476968797,0.01014397882013321,0.019842287130364622,0.012372400452635685,0.019924038759941393,0.03280907286492571,0.019988582786040557,0.0184479705033255,1.3759143118212012,0.01014397882013321
"ladder b1.3 +0.1@5,+0.2@10,+0.3@15 ath sticky r0.0",ladder-sticky,0.1843341789945956,0.30619294614039233,0.568623261635033,-0.5403811595200928,0.18075462128165573,0.3411188116889585,0.10114949139647034,-0.5403811595200928,0.23588102954420145,0.26905662337300873,-0.4075754938059605,0.10367660674814846,1.5165076507650765,0.8087964338781576,0.0026967164958922873,0.0035835223398237304,0.002835052772077379,0.004307778812638788,0.013345080599066417,0.004300539073150353,0.006970171219061905,1.5247602121847732,0.0026967164958922873
"ladder b1.3 +0.1@5,+0.2@10,+0.3@15 ath sticky r0.02",ladder-sticky,0.18274991861860634,0.3055602190401024,0.5647820644442538,-0.5403811595200929,0.18036629163803364,0.3381870655537005,0.10018812449687697,-0.5403811595200929,0.2358810270524018,0.26679987694141905,-0.4075754938059605,0.10235037308885066,1.5083888388838882,0.8687072808320953,0.0011124561199030158,0.0021526031265114154,0.001425272091248847,0.003346411873233257,0.01311216599824705,0.0033391721735569896,0.00471342478747222,1.5219663269921244,0.0011124561199030158
"ladder b1.3 +0.1@5,+0.2@10,+0.3@15 ath level",ladder-level,0.18138195861337625,0.30087060828816986,0.5649729278461485,-0.5320147905332234,0.1756350108293071,0.3409340526634273,0.10016419051956427,-0.5320147905332234,0.2313138531652711,0.2639722922475387,-0.40103514847684196,0.09601110412760061,1.4774797479747976,1.6625260029717681,0.0012767984402459465,0.002678037117600812,0.0013505107715890141,0.003249506903364105,0.020070222169977753,0.003234489147104294,0.005205996488021392,1.4879571097383788,0.0012767984402459465
"ladder b1.3 +0.1@5,+0.2@10,+0.3@15 52w sticky r0.0",ladder-sticky,0.1854523145724416,0.2949132736419427,0.5819986619586833,-0.5403811595200928,0.17359510109392512,0.34318797261018497,0.10720250786325947,-0.5403811595200928,0.2261319370547162,0.2647972263105054,-0.4075754938059606,0.1007163510564323,1.4095229522952297,1.12332838038633,0.0038148520737383007,0.007584454442299882,0.007104340237222201,0.010229033744636351,0.013603715320355036,0.010353555539939482,0.0027107741565585153,1.4733178802927078,0.0038148520737383007
"ladder b1.3 +0.1@5,+0.2@10,+0.3@15 52w sticky r0.02",ladder-sticky,0.18276490012082158,0.29315923016176276,0.5759711604452925,-0.5403811595200929,0.17302632227297168,0.3382147895073419,0.10555326496043937,-0.5403811595200929,0.2258811756572711,0.26099774928131936,-0.4075754938059605,0.09933283737811459,1.3920432043204323,1.2206835066864787,0.0011274376221182547,0.00513015520629051,0.004920239248106056,0.00857897101147237,0.01194347163025855,0.00870431263711939,-0.0010887028726274672,1.4692360900451524,0.0011274376221182547
"ladder b1.3 +0.1@5,+0.2@10,+0.3@15 52w level",ladder-level,0.17825954552982215,0.2870209998689628,0.5687473420188831,-0.5320147905332234,0.16738657247332298,0.33506501830740015,0.10426857648390442,-0.5320147905332234,0.2188832064942923,0.2530356406961023,-0.40103514847684196,0.09530062899102361,1.3543114311431144,2.501277860326895,-0.0018456146433081522,0.002982581223397618,0.0021937225390778747,0.007272091434161937,0.010247303215363573,0.007338875111444446,-0.005730655063415024,1.4287725426533568,-0.0018456146433081522
ladder b1.3 +0.5@15 ath sticky r0.0,ladder-sticky,0.18754494105171982,0.3309023589696916,0.5580266320699707,-0.5787867780220519,0.1968034083521612,0.32403114268200217,0.10053732655291592,-0.5787867780220519,0.26060902480571635,0.27644303353673805,-0.4160950945182933,0.10421549974718547,1.6273627362736276,0.7638632986627043,-0.0008678242656622037,0.000734199513355599,-0.00034530528898077395,0.004651178047711771,0.01990914034423691,0.004577853582327901,0.010042446686548967,1.640549855983196,-0.0008678242656622037
ladder b1.3 +0.5@15 ath sticky r0.02,ladder-sticky,0.18505790872844563,0.3306725521254412,0.5518421511800171,-0.5787867780220517,0.19681334089072614,0.3197341676685554,0.09941536765770276,-0.5787867780220517,0.2606090210325154,0.2724695941447317,-0.41609509451829363,0.10425205034301946,1.6221422142214226,0.7638632986627043,-0.0033548565889363613,-0.0017564525271907827,-0.0027768017942764456,0.00352921894611076,0.01587992476319794,0.003455894687114741,0.006069007294542461,1.6406217074458185,-0.0033548565889363613
ladder b1.3 +0.5@15 ath level,ladder-level,0.18446383194327054,0.32034802423859077,0.5574657182066856,-0.5555410969137232,0.18477776153955472,0.33204353911537565,0.10276813928037543,-0.5555410969137232,0.24813972726275857,0.2675596841557566,-0.40252762051935487,0.0890981702195577,1.5558955895589561,1.5127488855869244,9.932750295330028e-05,0.002132452168341681,-0.000783551963220136,0.00629029189868284,0.03457579319352069,0.006165233533308612,0.00803574635348736,1.5537129285587008,-0.000783551963220136
ladder b1.3 +0.5@15 52w sticky r0.0,ladder-sticky,0.18884123847307066,0.30412537749536195,0.582622378866062,-0.5787867780220519,0.18155705189344812,0.3262708231145456,0.11478941224425987,-0.5787867780220519,0.23993656019781312,0.2636393734005549,-0.4160950945182935,0.09766905602546719,1.3933393339333937,0.9885289747399703,0.0004284731556886412,0.007773723074701144,0.007912261287543992,0.01804914382668256,0.017157687979204972,0.018829939273671853,-0.0027612134496343144,1.5305333975216018,0.0004284731556886412
ladder b1.3 +0.5@15 52w sticky r0.02,ladder-sticky,0.1848610528060599,0.3024089775779296,0.5731191549610927,-0.5787867780220517,0.1816228624538154,0.3193940494594656,0.11151487985407682,-0.5787867780220517,0.24000852004583367,0.2589167118280715,-0.4160950945182935,0.09773969502311354,1.3804680468046808,0.9510846953937593,-0.0035517125113220804,0.003767550548307186,0.004405386996370081,0.014776681780037618,0.012325802117021278,0.015555406883488804,-0.00748387502211767,1.5310068796601661,-0.0035517125113220804
ladder b1.3 +0.5@15 52w level,ladder-level,0.1737066606198523,0.29222885119650915,0.5502718286533591,-0.5555410969137232,0.16995567034943096,0.31268012678966456,0.10218390145218659,-0.5555410969137232,0.22561960440548534,0.2458489796085963,-0.40252762051935476,0.08897819430112805,1.3342934293429347,1.5127488855869242,-0.010657843820464946,-0.002663463998029275,-0.003871032949182396,0.005208752331524555,0.01305582422141724,0.005580995705119773,-0.01367495819367287,1.4472010989731725,-0.010657843820464946
ladder b1.3 +0.4@20 ath sticky r0.0,ladder-sticky,0.18889392289075868,0.311236270869736,0.576682632140887,-0.5393248740257491,0.1786622882869554,0.3502414444206411,0.09843696711488059,-0.5393248740257491,0.23668013188820564,0.28159079579343516,-0.3800417482658639,0.09435633298687096,1.5581458145814582,0.6590193164933136,0.0074499193133618635,0.008969473504435554,0.006034891744766208,0.001608022008845425,0.04028272579389322,0.001577819920951573,0.033519176341673285,1.5097066661369911,0.001608022008845425
ladder b1.3 +0.4@20 ath sticky r0.02,ladder-sticky,0.18737134768285246,0.3110840995956004,0.5726909372837286,-0.5393248740257491,0.17866601180230693,0.3474183311521188,0.09843696711488059,-0.5393248740257491,0.23668013188820564,0.2783942932634098,-0.380041748265864,0.09437006963049455,1.554113411341134,0.6590193164933136,0.005927344105455645,0.007445427978250457,0.00455256289316186,0.001608022008845425,0.03706468986039338,0.001577819920951573,0.030322673811647882,1.5097334554243302,0.001608022008845425
ladder b1.3 +0.4@20 ath level,ladder-level,0.18702265421295627,0.29927303490843177,0.5819006141339875,-0.5029749232670541,0.15797959263460598,0.3718329593812707,0.10940954483239929,-0.5029749232670541,0.2067781460196488,0.2656708142063382,-0.34279969003264177,0.08897961691642055,1.4905310531053104,1.0484398216939081,0.012367557954633818,0.01582995038585533,0.007431750353188854,0.012564589223311301,0.03287539717074292,0.0124665617720386,0.03668288909618922,1.3613460305582605,0.007431750353188854
ladder b1.3 +0.4@20 52w sticky r0.0,ladder-sticky,0.18062785696551442,0.28401256267724256,0.5787282139247362,-0.5393248740257491,0.16451277091422498,0.3349147529896621,0.09686932544726745,-0.5393248740257491,0.21692247091780842,0.26599792617065354,-0.3800417482658639,0.08956335072011791,1.3411881188118815,0.6590193164933136,-0.0008161466118823957,0.006573705474679614,0.00545866082282237,-0.00010882716092766587,0.03227449954625386,1.017825333843314e-05,0.01792630671889167,1.408158297327662,-0.0008161466118823957
ladder b1.3 +0.4@20 52w sticky r0.02,ladder-sticky,0.1789790797721309,0.28384024355503734,0.5739818939875175,-0.5393248740257491,0.16453160232444725,0.3318576397861187,0.09671107622193498,-0.5393248740257491,0.21693873714452327,0.26272767893194593,-0.380041748265864,0.08959336789161451,1.3385958595859588,0.6590193164933136,-0.0024649238052659173,0.004916915449066084,0.0038612411754189446,-0.0002672284718620993,0.02895653154373029,-0.00014807097199404096,0.014656059480184003,1.4082933780916493,-0.0024649238052659173
ladder b1.3 +0.4@20 52w level,ladder-level,0.17921681331984796,0.27557952361167154,0.5831669214827105,-0.5029749232670541,0.14211610911193215,0.3563136153105847,0.10392154632709083,-0.5029749232670541,0.18213140043286286,0.25539456314212194,-0.3427996900326421,0.08838908222930592,1.313825382538254,1.108350668647846,0.0045617170615255,0.015351461939879907,0.006594715097491405,0.007972770951231459,0.023546245194599136,0.006978563266730145,0.026406638031972796,1.2477276749319592,0.0045617170615255
ladder b1.4 +0.2@10 ath sticky r0.0,ladder-sticky,0.18877598481380042,0.3102062323085156,0.5773565379850283,-0.5449129046670684,0.18355460187397118,0.34643331658504034,0.10223311634666854,-0.5449129046670684,0.23850217241812385,0.2771558838034698,-0.4160745167024633,0.10750200587353669,1.544014401440144,0.7189301634472511,0.006315736341757,0.006919689466360623,0.006189378927930367,0.005451579422382169,0.015710858064558963,0.005442415903469555,0.010765706840980716,1.5449050155626665,0.005451579422382169
ladder b1.4 +0.2@10 ath sticky r0.02,ladder-sticky,0.18654613615819104,0.3098373592393413,0.5716127493940506,-0.5449129046670687,0.18354831204471603,0.34234119720869366,0.10149678963771991,-0.5449129046670687,0.2385021706525053,0.273298598374504,-0.41607451670246354,0.10748108219772391,1.5392259225922589,0.7189301634472511,0.0040858876861475935,0.0046923244988931745,0.004057090058532192,0.0047152526626352415,0.011884715859627026,0.004706089194520924,0.006908421412014809,1.5448597626155662,0.004057090058532192
ladder b1.4 +0.2@10 ath level,ladder-level,0.18439875372013304,0.30610487670615794,0.5688812221299822,-0.5381978294701348,0.17950736360180494,0.342622626147855,0.10032544792121922,-0.5381978294701348,0.23466302733989683,0.27009323682767383,-0.40855629517902725,0.10206404955425324,1.5152835283528356,1.3629717682020799,0.0031611686017239404,0.004140606318587786,0.0029239133675122153,0.003464274981381854,0.01684245543997981,0.003455422916815068,0.007508888341563158,1.5157866640140756,0.0029239133675122153
ladder b1.4 +0.2@10 52w sticky r0.0,ladder-sticky,0.18978569192945072,0.3029349368058115,0.5865941284610616,-0.5449129046670684,0.17851623790978163,0.3482862863110321,0.10620357152954107,-0.5449129046670684,0.23169888496053853,0.2749140050425616,-0.416074516702463,0.10535959993100519,1.4731593159315932,0.8836849925705794,0.0073254434574072935,0.00991891399575312,0.009184988542413952,0.00929503967216612,0.016657779820193452,0.00941287108634209,0.008523828080072682,1.5086558888067814,0.0073254434574072935
ladder b1.4 +0.2@10 52w sticky r0.02,ladder-sticky,0.1870995398360913,0.3019193278406474,0.5800572801293449,-0.5449129046670687,0.1785158841237881,0.3433567790992315,0.10567530733795416,-0.5449129046670687,0.23169237771378223,0.26988621901741316,-0.4160745167024632,0.1053710883112672,1.4627542754275429,0.8836849925705794,0.004639291364047837,0.007232901603177494,0.006778898963467339,0.008766671512509164,0.011612894256537165,0.008884606894755176,0.0034960420549241533,1.508653343450111,0.004639291364047837
ladder b1.4 +0.2@10 52w level,ladder-level,0.18420505646528396,0.2962506752657104,0.5771606161367682,-0.5381978294701348,0.1727254957029692,0.3422627264153723,0.10709261614965482,-0.5381978294701348,0.22445048942453738,0.2623241203033597,-0.40855629517902714,0.10127284191704657,1.428010801080108,1.7973254086181276,0.0029674713468748615,0.006693605963526528,0.005473321835851197,0.010113644766289523,0.010280721332558418,0.010222591145250662,-0.000260228182750899,1.4670772351187622,0.0029674713468748615
"ladder b1.4 +0.1@5,+0.2@10 ath sticky r0.0",ladder-sticky,0.18581990714275776,0.3118490999838568,0.5680170351570154,-0.5481886625730034,0.1853678547286085,0.338970722726342,0.09999145596751546,-0.5481886625730034,0.24040976810704856,0.27343148946946627,-0.4206023492791858,0.10951416439964773,1.5510351035103511,0.7638632986627043,0.002772740274976815,0.0032645775961886725,0.0027987945591275154,0.00326480212756744,0.009010749001050367,0.0032586364833987885,0.004750776473531004,1.5579672960617978,0.002772740274976815
"ladder b1.4 +0.1@5,+0.2@10 ath sticky r0.02",ladder-sticky,0.18474573139409456,0.31123512802855025,0.5656069000752497,-0.5481886625730025,0.1849069938200004,0.3370112226089534,0.09925662675885616,-0.5481886625730025,0.24040977662588855,0.27199069505565476,-0.42060234927918605,0.10798542503006221,1.5439603960396038,0.823774145616642,0.001698564526313756,0.002365305908706372,0.0018870025074727848,0.0025299731640021084,0.009826138426060504,0.00252380727473947,0.003309982059719385,1.5546446485386598,0.001698564526313756
"ladder b1.4 +0.1@5,+0.2@10 ath level",ladder-level,0.18355752133945136,0.30864616292497965,0.5644809661841621,-0.5448549560650425,0.1827241344971512,0.33689245054336814,0.0985830788188442,-0.5448549560650425,0.2384841567144077,0.2702442826749778,-0.41687796507388586,0.10474800689772447,1.5263006300630064,1.4678157503714708,0.0011076555335001737,0.002029155716714165,0.0013835236059549783,0.0018010235680632758,0.012898364944631924,0.0017913544536219544,0.003447657944252336,1.5389301162852544,0.0011076555335001737
"ladder b1.4 +0.1@5,+0.2@10 52w sticky r0.0",ladder-sticky,0.1868249396584154,0.30599201398209863,0.5756970124015321,-0.5481886625730034,0.18147245296485914,0.3408040924843745,0.10337882746434568,-0.5481886625730034,0.2351827108816302,0.27182012774869424,-0.4206023492791858,0.10778175564348558,1.490855085508551,1.0334621099554235,0.0037777727906344594,0.005790830151880616,0.005381222129014651,0.006525957651298028,0.009958716770550158,0.0066460079802290045,0.0031394147527589733,1.5299247401662321,0.0037777727906344594
"ladder b1.4 +0.1@5,+0.2@10 52w sticky r0.02",ladder-sticky,0.18496444970528914,0.3045460206863951,0.5718203118140758,-0.5481886625730025,0.18080244490040195,0.3374102062547807,0.10241485820495089,-0.5481886625730025,0.23488049980108539,0.2689896046415674,-0.4206023492791858,0.10620057002403585,1.4759495949594963,1.1383060921248145,0.0019172828375083328,0.004194908761299576,0.0039194767046484,0.005557159882401755,0.009481662452859807,0.005682038720834198,0.00030889164563213667,1.5251042850683876,0.0019172828375083328
"ladder b1.4 +0.1@5,+0.2@10 52w level",ladder-level,0.1827850560212918,0.30038642851590486,0.5693966444195842,-0.5448549560650425,0.1774382183833136,0.33547470567464505,0.10308573783398067,-0.5448549560650425,0.23058267569934077,0.26371573550131644,-0.41687796507388597,0.1040760033839155,1.4474527452745276,2.3065676077265977,0.00033519021534061944,0.0033439596452399245,0.0028871247287863555,0.006159371994431367,0.007394713682033149,0.006294013468758422,-0.0030808892294090784,1.5008999452628051,0.00033519021534061944
"ladder b1.4 +0.2@5,+0.4@10 ath sticky r0.0",ladder-sticky,0.19666701100925432,0.3455485070164519,0.5710345521527023,-0.5965008675455423,0.2078722790510591,0.32970113156497455,0.10140522381067374,-0.5965008675455423,0.2711790187526386,0.2946512992574728,-0.4542766391567111,0.11939718953269236,1.702070207020702,1.1083506686478453,0.0052794334197935056,0.006027954290219822,0.005320283395235964,0.006183709196922127,0.016012823215722116,0.006153485822777874,0.009067332163518294,1.7206823718300106,0.0052794334197935056
"ladder b1.4 +0.2@5,+0.4@10 ath sticky r0.02",ladder-sticky,0.19452459916773268,0.34438004070027095,0.5665902548377619,-0.596500867545543,0.20713680815881721,0.32610949916662224,0.09993676764477488,-0.596500867545543,0.2711790156359709,0.29177231516813373,-0.4542766391567111,0.11688013508071161,1.687920792079208,1.2281723625557206,0.0031370215782717537,0.004127894259325415,0.003446768949318113,0.004715252822864113,0.01668922373119258,0.0046850296568790445,0.0061883480741792285,1.7153911719767745,0.0031370215782717537
"ladder b1.4 +0.2@5,+0.4@10 ath level",ladder-level,0.1922866128463545,0.339307002866993,0.564381838202155,-0.5904553636419709,0.20264217948527588,0.32565816941744236,0.09863888992441061,-0.5904553636419709,0.2675494586114526,0.28850268467923135,-0.4472018156534079,0.10921271784606114,1.6526012601260127,2.5162555720653788,0.001902454792034991,0.003417242000139098,0.0023762331930760883,0.0031749605721600183,0.024522997069006902,0.0031223950067842815,0.0064521688218135975,1.6829022855123221,0.001902454792034991
"ladder b1.4 +0.2@5,+0.4@10 52w sticky r0.0",ladder-sticky,0.19902405664904044,0.33411051183638896,0.5847353478002035,-0.5965008675455423,0.20051290971701916,0.3336525853985369,0.10861565102456616,-0.5965008675455423,0.2614675261947672,0.29160450721020004,-0.45427663915671124,0.11581343969201821,1.581710171017102,1.6475482912332833,0.007636479059579621,0.01089814894389099,0.010358518370306935,0.012776461124655983,0.018051216921648794,0.013363913036670297,0.006020540116245476,1.6674452033811187,0.007636479059579621
"ladder b1.4 +0.2@5,+0.4@10 52w sticky r0.02",ladder-sticky,0.19532829259757722,0.33130625881185627,0.5775321977463135,-0.596500867545543,0.19962815765044029,0.327456845790193,0.10673688910925905,-0.596500867545543,0.2613038866810401,0.2859253009237419,-0.45427663915671124,0.1131532807380954,1.5518991899189918,1.857236255572065,0.003940715008116297,0.007511307960932079,0.007340438597761123,0.010888748398746095,0.01619037983573296,0.01148515112136321,0.00034133382978734916,1.6610224919132064,0.003940715008116297
"ladder b1.4 +0.2@5,+0.4@10 52w level",ladder-level,0.1911716285352747,0.32301615689282875,0.5731192268075631,-0.5904553636419709,0.19298999030994643,0.3237698229314311,0.10831207157010891,-0.5904553636419709,0.2533059456726795,0.2755032155059769,-0.447201815653408,0.10787429188954346,1.494905490549055,4.193759286775631,0.0007874704809551769,0.005750611795183158,0.005248901115798343,0.01204954594963678,0.013504071699814435,0.012795576652482585,-0.00654730035144091,1.6129637900310454,0.0007874704809551769
"ladder b1.4 +0.2@10,+0.4@20 ath sticky r0.0",ladder-sticky,0.19852053941652104,0.3364249435740602,0.581767715431784,-0.5800133170145553,0.19846462219046995,0.34226893347612436,0.10173933253643486,-0.5800133170145553,0.2613664336177396,0.2981883604014388,-0.4250381825287993,0.10846746907632288,1.673087308730873,0.8537295690936106,0.009898524181074758,0.011109818814949018,0.00929568855453422,0.005894613039853863,0.035306319623207405,0.005822443450825235,0.02727028945639698,1.6525759984554733,0.005894613039853863
"ladder b1.4 +0.2@10,+0.4@20 ath sticky r0.02",ladder-sticky,0.19550993413358708,0.33600531732113514,0.5745855846506999,-0.5800133170145557,0.19846564262570962,0.33707835389007224,0.10100333569074582,-0.5800133170145557,0.2613664320065766,0.2926604480786079,-0.42503818252879955,0.1084711107001909,1.6662826282628267,0.8537295690936106,0.006887918898140721,0.008098857233344109,0.006386491422769425,0.0051586161060368785,0.029772987033450993,0.005086446605136213,0.02174237713356597,1.6525834061365217,0.0051586161060368785
"ladder b1.4 +0.2@10,+0.4@20 ath level",ladder-level,0.19347812603580627,0.3263678770606634,0.5763140751399686,-0.5448034528461196,0.18424700627357238,0.3551338102301903,0.10541845122090177,-0.5448034528461196,0.24285003597769866,0.28350006575701303,-0.39987317485249607,0.10010467335835209,1.6105490549054906,1.6924814264487367,0.011037488074980867,0.01134841840212647,0.006707029076271659,0.008762005878556578,0.033252350493365224,0.00862581682026399,0.02532363704042606,1.5498866038373265,0.006707029076271659
"ladder b1.4 +0.2@10,+0.4@20 52w sticky r0.0",ladder-sticky,0.1960135049621674,0.3155006604722497,0.5919549676558843,-0.5800133170145553,0.18677049824900574,0.3379465595222678,0.10580745590169971,-0.5800133170145553,0.24543279796391357,0.28838874190512875,-0.42503818252879944,0.10372328975474462,1.4937533753375336,1.018484398216939,0.007391489726721129,0.012925849840735665,0.012026625315676415,0.00922531872892017,0.03260596088893325,0.009890566816090088,0.017470670960086865,1.568079870011645,0.007391489726721129
"ladder b1.4 +0.2@10,+0.4@20 52w sticky r0.02",ladder-sticky,0.19248363674542812,0.3144377225615003,0.5834840195299263,-0.5800133170145557,0.18679523578694593,0.3318607195713709,0.10520014191114768,-0.5800133170145557,0.2454574981167967,0.28165684959510884,-0.42503818252879966,0.10375369522104932,1.4820522052205218,1.018484398216939,0.003861621509981761,0.009386593334018783,0.008777883600149639,0.008618715381918926,0.025827669854144586,0.009283252825538074,0.010738778650066838,1.568258219091878,0.003861621509981761
"ladder b1.4 +0.2@10,+0.4@20 52w level",ladder-level,0.1898981210576487,0.3047328812098072,0.5848343261017411,-0.5448034528461196,0.17000447417286252,0.34856262394373194,0.11039851121987754,-0.5448034528461196,0.22124260364230908,0.2705779351187383,-0.39987317485249607,0.09897253668754141,1.4349234923492349,2.1567904903417534,0.007457483096823286,0.013507230238790968,0.00880161973279428,0.013409052089471518,0.022080765981637662,0.013605876819239762,0.012401506402151319,1.4475511767250149,0.007457483096823286
"ladder b1.4 +0.3@10,+0.6@20 ath sticky r0.0",ladder-sticky,0.2092710035029144,0.3662283850457069,0.5873549249023586,-0.6195151421781386,0.2169854886748991,0.3377980443983071,0.10182675157709009,-0.6195151421781386,0.28797144867181734,0.32087749810590993,-0.4446854811141021,0.11330022871478354,1.8096309630963097,1.0709063893016346,0.014188893728171142,0.015746507211267746,0.013466542904478906,0.007938359842352208,0.05093164916058607,0.007825751611463691,0.04008374086378469,1.7854695256830895,0.007938359842352208
"ladder b1.4 +0.3@10,+0.6@20 ath sticky r0.02",ladder-sticky,0.20472857150926416,0.3656251458923811,0.5774220106562773,-0.6195151421781391,0.216995207106312,0.3304658071624588,0.10072382992004214,-0.6195151421781391,0.28797144647448664,0.3124721989713153,-0.44468548111410233,0.11333649411576359,1.7994239423942393,1.0709063893016346,0.009646461734520828,0.011201099537830272,0.009048874061224482,0.006835437994342122,0.04247429498245975,0.006722829954415768,0.03167844172918993,1.7855379460607748,0.006835437994342122
"ladder b1.4 +0.3@10,+0.6@20 ath level",ladder-level,0.20208111498528414,0.3513557744884257,0.5796399864884144,-0.5700283972266094,0.1963551245686196,0.3545106102932425,0.10749593064930729,-0.5700283972266094,0.26147907381395624,0.29927472559116186,-0.4071899206963273,0.10015975000516962,1.7158235823582357,2.3290341753343244,0.015172025227002756,0.015433741607387697,0.009433362268804951,0.011657372385057235,0.04894184904510407,0.011251158466184769,0.03738400668386321,1.6373069946233445,0.009433362268804951
"ladder b1.4 +0.3@10,+0.6@20 52w sticky r0.0",ladder-sticky,0.20635718269685466,0.3349977894231128,0.6019963654171591,-0.6195151421781386,0.20097815439302605,0.33309465523526727,0.10911369240057556,-0.6195151421781386,0.26670623116683806,0.3064860831750489,-0.44468548111410233,0.10567290500838283,1.5406300630063008,1.3180386329866272,0.011275072922111412,0.018068828563664513,0.017477222229289352,0.013593444719786518,0.047763528312371406,0.015112692434949157,0.025692325932923532,1.6708225702490245,0.011275072922111412
"ladder b1.4 +0.3@10,+0.6@20 52w sticky r0.02",ladder-sticky,0.20104347062503036,0.3334385349630856,0.5899985757319539,-0.6195151421781391,0.20112316759514495,0.3245174442680872,0.10822029809496025,-0.6195151421781391,0.26691096999297753,0.29628565242887284,-0.4446854811141022,0.10571825318814582,1.5230783078307832,1.3180386329866272,0.005961360850287034,0.012704483184426296,0.012540324312660056,0.012713724718237979,0.03749560041442701,0.014219298129333882,0.01549189518674754,1.6718752696338919,0.005961360850287034
"ladder b1.4 +0.3@10,+0.6@20 52w level",ladder-level,0.19747506914389712,0.31882849825665954,0.5923294901226922,-0.5700283972266094,0.17496898327175128,0.34643023067742496,0.11632054734389397,-0.5700283972266094,0.22931074230023407,0.279916887409456,-0.4071899206963271,0.09842232866194998,1.4523852385238525,3.025497771173849,0.010565979385615737,0.019044120466311376,0.01261229955299542,0.01937385947481561,0.03227046761457439,0.020075775160771442,0.018026168502157436,1.4831774226458154,0.010565979385615737
"ladder b1.4 +0.1@5,+0.2@10,+0.3@15 ath sticky r0.0",ladder-sticky,0.18957614084012375,0.3260493866224106,0.5668399338440673,-0.5699095418781872,0.1947676851846553,0.33264251062608785,0.1004162991468267,-0.5699095418781872,0.2541464649086571,0.28083471316051156,-0.4310305634155981,0.1117498634064558,1.6165076507650764,0.8387518573551263,0.0026878499700795644,0.0035072783554019327,0.0028856584823707676,0.004188805355803127,0.013142873967375124,0.0041684345778925935,0.006896904357104772,1.6258235414439897,0.0026878499700795644
"ladder b1.4 +0.1@5,+0.2@10,+0.3@15 ath sticky r0.02",ladder-sticky,0.18800149494318985,0.3254125158164616,0.5632367641441899,-0.5699095418781868,0.19432895578713105,0.3298795354849025,0.09945728819015831,-0.5699095418781868,0.254146462418878,0.27859000010639834,-0.43103056341559776,0.11025159523844699,1.608388838883888,0.8986627043090639,0.001113204073145746,0.00209251871188193,0.0014722139285276992,0.0032297942953637415,0.013090308907575399,0.003209423621224186,0.004652191302991715,1.622649796011081,0.001113204073145746
"ladder b1.4 +0.1@5,+0.2@10,+0.3@15 ath level",ladder-level,0.18674356489559396,0.3207135690718606,0.5634097061929003,-0.5620125777496798,0.1896999708484844,0.3322764868418469,0.09946757205481083,-0.5620125777496798,0.2496970688806671,0.2759416989510186,-0.4247239012976227,0.10401256809049583,1.577479747974797,1.6924814264487371,0.0012371897449718339,0.002544128225333453,0.001403656229713196,0.0030546327961170766,0.019717479354418255,0.003014243784412521,0.005182003608243391,1.5892003527754262,0.0012371897449718339
"ladder b1.4 +0.1@5,+0.2@10,+0.3@15 52w sticky r0.0",ladder-sticky,0.19097638944921025,0.31475255769960253,0.5793391332815226,-0.5699095418781872,0.18763371718996164,0.3350994770500432,0.10682395279060386,-0.5699095418781872,0.24450190456841053,0.2767222664214799,-0.431030563415598,0.108659263542155,1.5095229522952294,1.1532838038632989,0.004088098579166061,0.00756112897952399,0.007187368504431579,0.010215033055338968,0.013554754865010843,0.01057608822166975,0.002784457618073166,1.574303379583666,0.004088098579166061
"ladder b1.4 +0.1@5,+0.2@10,+0.3@15 52w sticky r0.02",ladder-sticky,0.18832004672936264,0.3129932274686272,0.5736885300449838,-0.5699095418781868,0.18701336905922716,0.3304384869724017,0.10521992380518452,-0.5699095418781868,0.24425191700430976,0.27292918074610895,-0.43103056341559776,0.10709683351477169,1.492043204320432,1.2506389301634475,0.0014317558593185398,0.005140218263964019,0.004996334573846017,0.00860381172374075,0.012087221774923773,0.008972059236250399,-0.001008628057297678,1.5698308844304247,0.0014317558593185398
"ladder b1.4 +0.1@5,+0.2@10,+0.3@15 52w level",ladder-level,0.18393971927795305,0.30685431145702974,0.5668871650267094,-0.5620125777496798,0.1815697465408078,0.3272875493542419,0.10407725038068194,-0.5620125777496798,0.23743927863388245,0.2650421746749234,-0.4247239012976226,0.10333095048713273,1.4543114311431145,2.531233283803864,-0.001566655872669076,0.0028671910972274117,0.0022582161368803755,0.007265133135029814,0.00985810316416641,0.007623922110283635,-0.00571752066785175,1.5306247307171654,-0.001566655872669076
ladder b1.4 +0.5@15 ath sticky r0.0,ladder-sticky,0.19227327493613156,0.3506236879199055,0.557183171261631,-0.6070596829560153,0.2108395654197959,0.3167287835684894,0.09903012253084009,-0.6070596829560153,0.27887208711538314,0.28803943154980294,-0.4395603227230096,0.11240809509906997,1.7273627362736275,0.7938187221396731,-0.0008328041556598942,0.000656440263273772,-0.000214506702260725,0.004384046930186389,0.01938451957999837,0.004306905904062006,0.009816985668060607,1.742029926661054,-0.0008328041556598942
ladder b1.4 +0.5@15 ath sticky r0.02,ladder-sticky,0.18978211812762358,0.35039280420385505,0.551347917471124,-0.6070596829560152,0.21085231639523416,0.31262513959665206,0.09791174277025272,-0.6070596829560152,0.2788720833203704,0.28403977893007326,-0.4395603227230098,0.11245469629040716,1.7221422142214222,0.7938187221396731,-0.0033239609641678713,-0.001838918236990228,-0.0026552122136714595,0.003265666875795034,0.015316683766963435,0.003188526143474632,0.0058173330483308194,1.7421216610316175,-0.0033239609641678713
ladder b1.4 +0.5@15 ath level,ladder-level,0.18944948917292592,0.3400291113087776,0.5566946713052299,-0.5851661291342929,0.1989719937103516,0.3237533407020695,0.1013333829542562,-0.5851661291342929,0.26670609683961505,0.27955728578851513,-0.42647459955964795,0.09724525989035374,1.655895589558956,1.5427043090638932,-5.1605749709832116e-05,0.0018616129899042821,-0.0006270682097833657,0.005813126301884547,0.033730887579297736,0.0055953929986076595,0.007915361842404989,1.6562591781872107,-0.0006270682097833657
ladder b1.4 +0.5@15 52w sticky r0.0,ladder-sticky,0.19423822889895548,0.32378351822409557,0.5803244489852354,-0.6070596829560153,0.1961613557011738,0.31996562175424365,0.11414315393704455,-0.6070596829560153,0.25920846478559784,0.27554405160571527,-0.4395603227230098,0.10556866608316749,1.4933393339333934,1.0184843982169391,0.001132149807164029,0.007661470753179328,0.008121271070296171,0.01818039711645028,0.016976648076392375,0.019419937310266464,-0.002678394276027174,1.6359052808071146,0.001132149807164029
ladder b1.4 +0.5@15 52w sticky r0.02,ladder-sticky,0.19027972180923491,0.32206764190119563,0.5713883038014866,-0.6070596829560152,0.1962372655454815,0.3134448344233424,0.11093771250050666,-0.6070596829560152,0.25928960870969064,0.27078667276595336,-0.4395603227230097,0.10565446086502636,1.4804680468046805,0.9810401188707281,-0.0028263572825565353,0.0036752998217556843,0.004597077447679843,0.014979394118279615,0.0120915705408432,0.01621449587372857,-0.007435773115789024,1.6364544086363502,-0.0028263572825565353
ladder b1.4 +0.5@15 52w level,ladder-level,0.1793085331064892,0.311902885956083,0.5498977310781582,-0.5851661291342929,0.1846990275614352,0.30642329447837663,0.10185032325896981,-0.5851661291342929,0.2449923119899998,0.2578239715064927,-0.42647459955964806,0.0971550720856525,1.4342934293429344,1.5427043090638932,-0.010192561816146556,-0.0029929658686824734,-0.003726804825614688,0.00525551294533734,0.012137024581075295,0.0061123333033212685,-0.013817952439617476,1.5531452838474673,-0.010192561816146556
ladder b1.4 +0.4@20 ath sticky r0.0,ladder-sticky,0.19407853665860264,0.33099591509026854,0.5746112567232242,-0.569362335452723,0.19285920871952694,0.34086999538577306,0.09744013533302609,-0.569362335452723,0.2552157909521765,0.29361835492961497,-0.40429870364638343,0.10249713196250285,1.658145814581458,0.6889747399702822,0.007286003240259187,0.008705180683040853,0.006165681262457756,0.001258985861001774,0.03970669002639754,0.0011780335134458642,0.033195340293728004,1.6120177228706394,0.001258985861001774
ladder b1.4 +0.4@20 ath sticky r0.02,ladder-sticky,0.1925530929415442,0.33084328492368015,0.5708578417755266,-0.569362335452723,0.19286735452665402,0.3381907810751786,0.09744013533302609,-0.569362335452723,0.2552157909521765,0.2903998058012571,-0.40429870364638354,0.10252699276225472,1.6541134113411344,0.6889747399702822,0.005760559523200759,0.007176768387651605,0.004677122613715418,0.001258985861001774,0.03644257333412937,0.0011780335134458642,0.02997679116537011,1.6120766492118257,0.001258985861001774
ladder b1.4 +0.4@20 ath level,ladder-level,0.19250923676231424,0.3190104677719699,0.5794688697818563,-0.5299637215401118,0.17243374421731852,0.36324983944725286,0.10850917233978419,-0.5299637215401118,0.22579055914198654,0.2780802565979321,-0.3679644173229424,0.09693314814208112,1.5905310531053107,1.0783952451708767,0.012779730327739852,0.015117361230609638,0.0076004080178203315,0.011534582132423171,0.032736455610477055,0.011559674820253218,0.036183556209446494,1.4649835067221204,0.0076004080178203315
ladder b1.4 +0.4@20 52w sticky r0.0,ladder-sticky,0.18642335156193712,0.30376482201683985,0.5763520748113407,-0.569362335452723,0.17889111130459412,0.3274248048278508,0.09675519302172275,-0.569362335452723,0.23580070362349276,0.2782628793548758,-0.40429870364638354,0.09755679165834505,1.4411881188118814,0.6889747399702821,-0.00036918185640633094,0.006408545984300129,0.005593800511235786,-8.780295142284122e-05,0.03195478070805749,0.000493091202142526,0.017839864718988796,1.5113529613689365,-0.00036918185640633094
ladder b1.4 +0.4@20 52w sticky r0.02,ladder-sticky,0.18477033909374918,0.3035929920121487,0.5719123898987949,-0.569362335452723,0.1789126684362038,0.3245215350376678,0.0965974516738588,-0.569362335452723,0.23581874408730444,0.2749684991909169,-0.40429870364638343,0.09759243986374556,1.438595859585959,0.6889747399702821,-0.002022194324594273,0.0047470211718209365,0.0039881715782627,-0.0002452560618377564,0.02860528014256833,0.0003353498542785771,0.014545484555029964,1.511508056793119,-0.002022194324594273
ladder b1.4 +0.4@20 52w level,ladder-level,0.18521021382983327,0.29536317687897584,0.580364848162821,-0.5299637215401118,0.15705483102176046,0.3494771553260275,0.10395592318238989,-0.5299637215401118,0.20194715030878288,0.2678211670897279,-0.36796441732294216,0.09635175274111082,1.413825382538254,1.1383060921248143,0.0054807073952588825,0.014424976942042395,0.006733142149775162,0.007216858532978057,0.02338510019032672,0.007006425662858917,0.025924466701242405,1.3547213542538337,0.0054807073952588825
highs-delever 1.1/1.4@5/1.7@10 ath,delever-highs,0.1924880398686144,0.3203305926338189,0.5787041292742945,-0.5588088929019233,0.18903216224502198,0.3444613038797828,0.10583294503370944,-0.5588088929019233,0.24760872222709807,0.28097023457065395,-0.41888192195257157,0.10635381473765347,1.553105310531053,1.3629717682020799,0.007542288063767277,0.008542047208586562,0.0072450681569914965,0.009332966001663903,0.021234199837839696,0.009296263092655757,0.013159849864857909,1.5843856840526525,0.0072450681569914965
highs-delever 1.1/1.4@5/1.7@10 52w,delever-highs,0.19519334597830063,0.30380937546036235,0.6005275355510062,-0.5588088929019233,0.1779232664458634,0.34930250476983565,0.11566949873535082,-0.5588088929019233,0.2326699973376776,0.2758745432751042,-0.4188819219525718,0.10148179088442248,1.3725652565256523,2.171768202080237,0.0102475941734535,0.015560716879761127,0.01435150894958348,0.01877648260735139,0.023512288295621964,0.01913281679429714,0.008064158569308033,1.5043896829687415,0.0102475941734535
highs-delever 1.2/1.4@5/1.6@10 ath,delever-highs,0.1865784175757459,0.30588749995788495,0.575052788035014,-0.5384511477352079,0.18005273615100648,0.34650946211279854,0.10329445397342774,-0.5384511477352079,0.23475736738598224,0.27139760452470685,-0.4078602636876474,0.10371662001601194,1.5020702070207022,1.048439821693908,0.00529443716120645,0.006104916898549001,0.005163520647006092,0.006434788330437563,0.0156250015261295,0.0064268739017138005,0.009166591113510425,1.5197104136291684,0.005163520647006092
highs-delever 1.2/1.4@5/1.6@10 52w,delever-highs,0.18833689627248762,0.29453448725399806,0.5905850368916326,-0.5384511477352079,0.17242533107012656,0.34977527128441627,0.10977939111938051,-0.5384511477352079,0.22445888835090008,0.2680020110004866,-0.40786026368764716,0.1004555865816436,1.3817101710171016,1.5876374442793464,0.007052915857948178,0.010948468887143903,0.010097612679898033,0.012800447195164669,0.017211702426662534,0.012911811047666574,0.005770997589290283,1.464923130525092,0.007052915857948178
highs-delever 1.2/1.5@5/1.8@10 ath,delever-highs,0.19747749204417908,0.3400748596869886,0.5765962924865974,-0.5877820355698113,0.20298810072689183,0.335970615115413,0.10473146732348848,-0.5877820355698113,0.26590657125166717,0.29265716068236025,-0.44225394447793176,0.11415916772165545,1.6531053105310531,1.392927191679049,0.007537047144996534,0.008487338149856138,0.007390406656011983,0.009157811146439918,0.021478398100748752,0.009097896617997855,0.013083093348434272,1.6854134436202792,0.007390406656011983
highs-delever 1.2/1.5@5/1.8@10 52w,delever-highs,0.200632261363749,0.3234522449221417,0.5971672207037505,-0.5877820355698113,0.1921269195414319,0.3413378586319856,0.11511369434032992,-0.5877820355698113,0.25142695090149847,0.28782217260234133,-0.4422539444779321,0.10915817136268449,1.4725652565256526,2.201723625557207,0.010691816464566462,0.015525773698726375,0.01459915366718284,0.018772854480824108,0.023922293111039883,0.019480123634839294,0.008248105268415185,1.6067203813939512,0.010691816464566462
highs-delever 1.0/1.4@5/1.8@10 ath,delever-highs,0.19799241466394935,0.3352287492572983,0.5812499792904808,-0.5789426334940502,0.19826204507788517,0.3419896950221479,0.10793173560699931,-0.5789426334940502,0.26065475250984804,0.29019490529892966,-0.43003681951891903,0.10936668846957506,1.6041404140414044,1.6775037147102527,0.009553060102405642,0.010652426582359348,0.009056639743365874,0.012048088331538878,0.025989939997617506,0.011977673741588868,0.016757873419254776,1.6511054233720313,0.009056639743365874
highs-delever 1.0/1.4@5/1.8@10 52w,delever-highs,0.2016894458540872,0.3138694571051966,0.6083548009240007,-0.5789426334940502,0.18419512894976123,0.3483755283953535,0.12118892142862081,-0.5789426334940502,0.2417720672708742,0.28340015489214765,-0.4300368195189187,0.10313761166147377,1.3634203420342037,2.75589895988113,0.013250091292543509,0.019580223211137393,0.01813398792161,0.024501462047087835,0.028511118322442852,0.025234859563210366,0.00996312301247293,1.549513366076031,0.013250091292543509
highs-delever 1.2/1.3@5/1.5@10 ath,delever-highs,0.18204300589006706,0.2881214828204776,0.578891783276489,-0.5110259865580027,0.16761968586483036,0.3562304279596645,0.10305927984196472,-0.5110259865580027,0.21827029176767113,0.26219990978580143,-0.38803968069226535,0.0971656932145889,1.4230423042304228,0.8537295690936109,0.005853505022737071,0.00666685100393169,0.005649197803649975,0.006068525408596051,0.016496540129278675,0.006072238733824203,0.01004674854516402,1.4304447028712484,0.005649197803649975
highs-delever 1.2/1.3@5/1.5@10 52w,delever-highs,0.18321477192205737,0.2787814144905881,0.5922720554155161,-0.5110259865580027,0.1612203303948847,0.3585233955636854,0.1080215577994359,-0.5110259865580027,0.20956348618691203,0.25926538135102684,-0.38803968069226547,0.09456386114063553,1.3274347434743474,1.2057057949479941,0.007025271054727389,0.01059413955862365,0.009604653669774005,0.011115550108957595,0.017631992620811915,0.011034516691295376,0.007112220110389367,1.384561568866906,0.007025271054727389
"voltarget 0.20 hl10 [0.5,1.6]",voltarget,0.13968507510307115,0.1852944904350549,0.5720991706620009,-0.22403797875784803,0.0897363441134661,0.6234883740584451,0.08760514163124,-0.21099576548459142,0.09876843649458789,0.19139891117296526,-0.22403797875784803,0.07953809689229412,1.162776273139849,3.507524767672315,0.03221119732076792,0.005106575277813691,-0.0003111323799415422,0.0024112453960822705,-0.026051711283007317,0.012360077166382988,0.02589917993792973,0.8701907207696967,-0.026051711283007317
"voltarget 0.20 hl10 [0.5,2.0]",voltarget,0.13914273822927714,0.1906544755749844,0.5588486027621344,-0.22694062417307503,0.0920199406380197,0.6131239778522892,0.0851357659100127,-0.21359182906875085,0.10058822538058998,0.19286401315956447,-0.22694062417307503,0.08233055446514047,1.2109140819934796,5.056125780050888,0.030864230013489743,0.003052048034369592,-0.00321364166985616,-0.0004480906079168956,-0.029170471273998355,0.009561033150586637,0.025766147409030077,0.8869708374572145,-0.029170471273998355
"voltarget 0.20 hl10 [0.5,2.5]",voltarget,0.13980658689525782,0.1920574534586309,0.5592098878520622,-0.22900227867461387,0.09236546114139685,0.6105030382422834,0.0852311058114048,-0.21359182906875085,0.10065989922731497,0.1941195278202399,-0.22900227867461376,0.08299861329168312,1.223622143423151,5.519429254550403,0.030956592351149156,0.0034870941198131,-0.0031579269015181988,-0.00036810960543401383,-0.029005978089494178,0.009656373051978737,0.025886559173341206,0.8895097598553959,-0.029005978089494178
"voltarget 0.20 hl10 [1.0,1.6]",voltarget,0.14854216385032282,0.22372343946412754,0.5434937203169422,-0.3651446484642912,0.12074520323013571,0.4068036173474121,0.08767218184028192,-0.3651446484642912,0.1479804750184422,0.20943804670614452,-0.3011905740181986,0.08673026826658366,1.2472049772152611,2.776114753019895,0.0025532002749535376,-0.00458482199574245,-0.006704281018473562,-0.0056403610960574085,-0.019738380937964095,-0.004441311894335165,0.001882846526375409,1.0948139368853915,-0.019738380937964095
"voltarget 0.20 hl10 [1.0,2.0]",voltarget,0.14821712923266261,0.22821679687060087,0.5360397925579702,-0.3651446484642912,0.12253793156426455,0.4059134643107259,0.0856282029270794,-0.3651446484642912,0.14922605274877426,0.21093020998088075,-0.30119057401819815,0.08948836192909605,1.2958308824446358,4.340454325816617,0.002228165657293335,-0.005845972718591413,-0.008658076334147419,-0.007804945323924006,-0.022674000801160055,-0.00648529080753768,0.0033750098011118557,1.1076410579291172,-0.022674000801160055
"voltarget 0.20 hl10 [1.0,2.5]",voltarget,0.14888626610543287,0.2293899209213445,0.5370189051127797,-0.3651446484642912,0.12279227367366112,0.40774598979229737,0.08572358609393027,-0.3651446484642912,0.1492770100913645,0.21220473969668574,-0.3011905740181986,0.09008504563946192,1.3085389438743071,4.803757800316132,0.0028973025300635946,-0.005308112590380998,-0.008408934325976364,-0.007714496193856127,-0.022348068204787935,-0.006389907640686809,0.004649539516916629,1.10946067379529,-0.022348068204787935
"voltarget 0.20 hl20 [0.5,1.6]",voltarget,0.13340437240711944,0.18682341991290632,0.539332826038776,-0.24722396370504673,0.09325594165026269,0.5396093906425633,0.08134498518059918,-0.23071553882108164,0.10190521113316264,0.18511021330591748,-0.24722396370504673,0.08368612516400441,1.1448640990381667,1.7308805498712747,0.019517558692675394,-0.003504793734609296,-0.007269429348369022,-0.004510333447369078,-0.039138083274373375,0.0036028889770853834,0.006829808599826792,0.89605310789699,-0.039138083274373375
"voltarget 0.20 hl20 [0.5,2.0]",voltarget,0.1338710442989144,0.18944845436018137,0.5366615568998477,-0.2472239637050463,0.09388004507175192,0.5414970389303804,0.0794534725770959,-0.23157547329162187,0.10228289384504259,0.18803300655286836,-0.2472239637050463,0.08460725260833583,1.1696483459732987,2.1613659059478345,0.01998423058447045,-0.00344985903790479,-0.007962574414496076,-0.006477490391738366,-0.03771960339643707,0.0016057140516248514,0.009752601846777925,0.9006354386094246,-0.03771960339643707
"voltarget 0.20 hl20 [0.5,2.5]",voltarget,0.13460195512099227,0.18992717910001047,0.5391854808341252,-0.2472239637050464,0.09389687019083229,0.544453511317296,0.0794534725770959,-0.23157547329162187,0.10228289384504259,0.1895258558345274,-0.2472239637050465,0.08464362418693959,1.1748385904028014,2.2470617951206435,0.0207151414065483,-0.002729791432202394,-0.007439171312478315,-0.006477490391738366,-0.0362861533350298,0.0016057140516248514,0.011245451128436834,0.9007583654393878,-0.0362861533350298
"voltarget 0.20 hl20 [1.0,1.6]",voltarget,0.14809154854917939,0.2244144979564915,0.5407717879110995,-0.3651446484642912,0.1208357764822589,0.40556954393831623,0.08428274097267785,-0.3651446484642912,0.14881152298379627,0.21209737599848566,-0.32529388141472726,0.0857365624663552,1.2303549737836936,1.4650557745982178,0.0021025849738101066,-0.005083537448735909,-0.007405392510008935,-0.009110269684721131,-0.01547846655787774,-0.00783075276193923,-0.007884677066466589,1.095462113208282,-0.01547846655787774
"voltarget 0.20 hl20 [1.0,2.0]",voltarget,0.14853201155021023,0.22667465152089436,0.5393408304964036,-0.3651446484642912,0.12133966892273435,0.40677581384500483,0.08238608958166171,-0.3651446484642912,0.1490839657423168,0.2150202278695852,-0.32529388141472726,0.08667266072266429,1.2557474351536015,1.911257184898159,0.0025430479748409507,-0.0049106733506348865,-0.007784194251166526,-0.01103330083817132,-0.014063409961162399,-0.009727404152955366,-0.004961825195367059,1.0990681573939924,-0.014063409961162399
"voltarget 0.20 hl20 [1.0,2.5]",voltarget,0.14927237305866048,0.2270746437957505,0.5416332165721417,-0.3651446484642912,0.12135268692220468,0.40880339801353643,0.08238608958166171,-0.3651446484642912,0.1490839657423168,0.21654698854405452,-0.32529388141472715,0.08670816592637165,1.2609376795831042,1.9969530740709682,0.0032834094832911997,-0.004177225227059628,-0.007188822699637165,-0.01103330083817132,-0.01259383834564623,-0.009727404152955366,-0.0034350645208976738,1.0991613191037717,-0.01259383834564623
"voltarget 0.20 hl40 [0.5,1.6]",voltarget,0.13187392697285638,0.18508195816335524,0.535331711135747,-0.2673389605665245,0.0923387120125285,0.49328360779663066,0.07596077489399367,-0.2437602546245169,0.10090080064747804,0.18760461051844324,-0.2673389605665245,0.0830107847637644,1.1042298663432852,0.9208586835957321,0.012446600909369332,-0.004427852614362515,-0.008028089998359578,-0.009690062986664735,-0.03554077288846577,-0.0033841585119844253,-0.0017915213446926814,0.8893132043348062,-0.03554077288846577
"voltarget 0.20 hl40 [0.5,2.0]",voltarget,0.1333191297449685,0.1867412009090881,0.5390752845245832,-0.26733896056652473,0.09285484263320776,0.4986894894124245,0.07558005537993195,-0.2460623731377234,0.1013721440138763,0.1909612075543854,-0.2673389605665246,0.08358575431905327,1.1193496070885756,1.0668458151068274,0.013891803681481393,-0.0033244299008906852,-0.007318234014599967,-0.010168497675751995,-0.03312317120449165,-0.004047745146576076,0.0015650756912493902,0.893105788509759,-0.03312317120449165
"voltarget 0.20 hl40 [0.5,2.5]",voltarget,0.1334278662638455,0.18691131987713144,0.5392735465552259,-0.2673389605665245,0.09285950467058421,0.4990962259339053,0.07558005537993195,-0.2460623731377234,0.1013721440138763,0.19118389438654892,-0.2673389605665245,0.08359584511589271,1.1207930695302222,1.0917330177471567,0.014000540200358458,-0.0032187805683654702,-0.007284891187881781,-0.010168497675751995,-0.03291696387327339,-0.004047745146576076,0.0017877625234130057,0.8931400456696106,-0.03291696387327339
"voltarget 0.20 hl40 [1.0,1.6]",voltarget,0.15098169030245767,0.220065236766026,0.558445038384478,-0.3651446484642912,0.11921547874836107,0.41348460380687385,0.08599271205386616,-0.3651446484642912,0.1476976916735921,0.21623093447734854,-0.31364510908819443,0.08330041109851205,1.193209063215428,0.7833442617276661,0.004992726727088392,-0.0013329146459669095,-0.0029387223278500574,-0.007292449874080925,-0.007387444029273105,-0.00612078168075092,0.002251676525154178,1.0838666520481008,-0.007387444029273105
"voltarget 0.20 hl40 [1.0,2.0]",voltarget,0.15248178588017636,0.22164193533066226,0.5619352919961769,-0.3651446484642912,0.11964283438862912,0.4175928266276867,0.08560844282467506,-0.3651446484642912,0.14802021729855716,0.2197313346776295,-0.31364510908819454,0.08394857856308205,1.2102165916026664,0.9365802163884075,0.006492822304807078,-5.97720671634272e-05,-0.0020101514303169365,-0.007707948229755984,-0.004945580287017914,-0.006505050909942023,0.005752076725435096,1.086924970050183,-0.007707948229755984
"voltarget 0.20 hl40 [1.0,2.5]",voltarget,0.1525923609637312,0.22178523051271018,0.5621528075126646,-0.3651446484642912,0.11964645263347101,0.41789565205322665,0.08560844282467506,-0.3651446484642912,0.14802021729855716,0.21995940097003852,-0.31364510908819443,0.08395862575290987,1.211660054044313,0.9614674190287367,0.006603397388361909,4.888149847914747e-05,-0.0019515182555891464,-0.007707948229755984,-0.00473392227999006,-0.006505050909942023,0.005980143017844164,1.086950863573734,-0.007707948229755984
"voltarget 0.24 hl10 [0.5,1.6]",voltarget,0.1552209021232671,0.20918586257410368,0.5941231241304379,-0.25807635234385873,0.10430661863704394,0.6014534098670618,0.0974121478440868,-0.24264893664452114,0.11430677390798075,0.2128789602281418,-0.2580763523438586,0.09314919110915422,1.298091536027726,2.903725992940721,0.038343485620699225,0.011240446723447178,0.005345155601998053,0.009131674881388677,-0.0265368081425498,0.018203764887267257,0.028604621237106942,0.976719298572491,-0.0265368081425498
"voltarget 0.24 hl10 [0.5,2.0]",voltarget,0.1508141565768204,0.22227450911519325,0.5547742489453338,-0.271236226030545,0.11262271342202786,0.5560251253453019,0.09189749001395509,-0.2601553612540889,0.12154758097929758,0.2096468672186511,-0.2712362260305451,0.10236425987240651,1.411346874386207,5.097778926372468,0.03031658361549021,0.0020290573371063714,-0.003907077276465942,0.0023017063856426295,-0.044062034948548656,0.010594510202363489,0.018095382830925988,1.0366711120509304,-0.044062034948548656
"voltarget 0.24 hl10 [0.5,2.5]",voltarget,0.14874286189474017,0.22770327899352608,0.5390620224638728,-0.28139165629022056,0.11536236620800025,0.5285972720574571,0.0890705354961685,-0.26712157721299157,0.12424028416226399,0.20837607296146698,-0.28139165629022056,0.10521216195717537,1.4579252154104714,6.837984445613018,0.0254564571661052,-0.0015254954701864887,-0.007946202739968211,-0.00099122542562545,-0.0496607025862279,0.006952426181913093,0.011202639704603196,1.0562923267418,-0.0496607025862279
"voltarget 0.24 hl10 [1.0,1.6]",voltarget,0.16236489998597703,0.23755366874708447,0.5757410326283573,-0.3651446484642912,0.12581450446496767,0.444659125277733,0.09472958961883204,-0.3651446484642912,0.1526072560741674,0.23039210784706654,-0.32966660840953854,0.09285193336026637,1.3465608007516072,2.49641383408256,0.01637593641060775,0.0066106198623873125,0.002196019895778889,0.00096905024556318,-0.00855768271870222,0.002616095884214964,0.008159374896979432,1.131082335706267,-0.00855768271870222
"voltarget 0.24 hl10 [1.0,2.0]",voltarget,0.15835445585232266,0.24922436212071514,0.5464231199304478,-0.3651446484642912,0.13253067961678947,0.4336759597006903,0.08922841203926102,-0.3651446484642912,0.15801578715727618,0.22798820701159173,-0.3300050974357339,0.10156384659420564,1.4606545001072149,4.677081132633339,0.012365492276953383,-0.000806280242866303,-0.005808038984409708,-0.005018768496544618,-0.0244992649356483,-0.002885081695356062,0.005581250872290916,1.1791412127621628,-0.0244992649356483
"voltarget 0.24 hl10 [1.0,2.5]",voltarget,0.156251989475654,0.25408370371075956,0.5336912198883824,-0.3651446484642912,0.13481570709219678,0.42791805968624086,0.08640836784236838,-0.3651446484642912,0.16009955264858838,0.22666175704418712,-0.3300050974357338,0.1043008909697147,1.5072486914921213,6.420851443575605,0.010263025900284717,-0.004054449778995162,-0.009517621827534073,-0.008014616393745413,-0.030002443106678045,-0.005705125892248697,0.004254800904886363,1.195494368413115,-0.030002443106678045
"voltarget 0.24 hl20 [0.5,1.6]",voltarget,0.14946961288980276,0.2107631040312465,0.5675594828451743,-0.27101767167206114,0.10479484900569791,0.551512423406342,0.09015057044359365,-0.2527343147952361,0.11383450896662484,0.2087290621662019,-0.27101767167206126,0.09472256821863793,1.2878212039275247,1.4762325842712245,0.029032058196752433,0.005182494222915307,-0.0009942045532551347,0.0019582901152087884,-0.03315311394166745,0.009727738730884367,0.01729844757620211,0.980273845198835,-0.03315311394166745
"voltarget 0.24 hl20 [0.5,2.0]",voltarget,0.14643558871882933,0.22149232671915714,0.5387303979971043,-0.2818984301557703,0.11255752935338818,0.5194622355218954,0.08405955480104255,-0.2775831033155085,0.12135646346971307,0.20892885377613712,-0.28189843015577043,0.10272065854638984,1.377761150514191,2.405095008056885,0.023010016370610897,-0.002313901072385355,-0.008002118178976808,-0.005503155586811595,-0.04532391257049667,0.0007470769620689516,0.01147483516225234,1.0362040967724364,-0.04532391257049667
"voltarget 0.24 hl20 [0.5,2.5]",voltarget,0.14759098381755043,0.2237023617884648,0.5401288410769987,-0.2829438222709254,0.11305193536127903,0.5216264579766247,0.08363907531228842,-0.27758310331550873,0.12142205638181455,0.211750208091954,-0.2829438222709254,0.10370044223665954,1.3988707799201996,2.8066056598826608,0.02387928034219941,-0.001428595362730628,-0.007647820775474545,-0.005934986050989216,-0.043997707624276794,0.00032659747331480193,0.013717387492020866,1.0397462990970652,-0.043997707624276794
"voltarget 0.24 hl20 [1.0,1.6]",voltarget,0.1579201072597507,0.2367409314243618,0.5606984849246635,-0.3651446484642912,0.12765306328938755,0.4324864349619361,0.09029422875015602,-0.3651446484642912,0.15388638322083775,0.22595296864087588,-0.3296232723316067,0.09566605858783592,1.3358255294462937,1.2362876829580374,0.011931143684381418,0.0012168689879241967,-0.0019626852684477003,-0.003590164420642125,-0.017408212044164567,-0.0018192649844610553,0.0037425411397723485,1.1442357644316306,-0.017408212044164567
"voltarget 0.24 hl20 [1.0,2.0]",voltarget,0.1553413217396442,0.24643604283142836,0.5392090359928028,-0.3651446484642912,0.13392886556414763,0.4254240679494324,0.08444212267130258,-0.3651446484642912,0.15947773998824324,0.22688650493516027,-0.3360405665613939,0.1032395669707967,1.4265091793479328,2.178665194166999,0.009352358164274932,-0.0045204589051799915,-0.007873801550613374,-0.009928400303194737,-0.028158115380196913,-0.007671371063314503,0.0013730413521992058,1.1891475486474878,-0.028158115380196913
"voltarget 0.24 hl20 [1.0,2.5]",voltarget,0.15650569217058985,0.24842394677255475,0.5409461967220333,-0.3651446484642912,0.1343382585290906,0.4286128602152993,0.08402149479407472,-0.3651446484642912,0.1595276593631038,0.22974976816599813,-0.3360405665613937,0.10419842919383819,1.4476188087539414,2.5801758459927746,0.01051672859522057,-0.0035613563838958473,-0.007388139813459038,-0.010353239791975874,-0.026758075371533963,-0.008091998940542355,0.00423630458303717,1.19207743327696,-0.026758075371533963
"voltarget 0.24 hl40 [0.5,1.6]",voltarget,0.14013077184076694,0.2110425999006562,0.5284194004326315,-0.3029645212679889,0.10740566085181241,0.46253195342570663,0.08225230155743612,-0.2588362097543062,0.11466361616751825,0.19790121466310562,-0.3029645212679889,0.09950729851337538,1.254484546091222,0.9283639122889031,0.010946626480457355,-0.005796228615193494,-0.010437255007144985,-0.006094809548700203,-0.051422820405445324,0.0011057752448367653,-0.010569134332786972,0.9992817829172739,-0.051422820405445324
"voltarget 0.24 hl40 [0.5,2.0]",voltarget,0.14161340848790105,0.21921284094020754,0.5227523359725101,-0.30722270286107056,0.11292816516892605,0.46094708226019404,0.07975306264253335,-0.2828693136911402,0.11991733341834289,0.20357585539063727,-0.30722270286107056,0.10537452513940962,1.323926781366814,1.27616098914095,0.011269360056353317,-0.007338556191132634,-0.011998026089994479,-0.009560603613554819,-0.05470258481504692,-0.004159137781271818,-0.0070912161088180214,1.0388595399232785,-0.05470258481504692
"voltarget 0.24 hl40 [0.5,2.5]",voltarget,0.1430114501946642,0.22053884652063777,0.5264980398169721,-0.3072227028610707,0.11346880427757822,0.465497662974912,0.07903380303004526,-0.28601092011067963,0.12058403599766943,0.20721277174870756,-0.30722270286107056,0.10578352786978087,1.3363874768225685,1.4142477130833027,0.012667401763116454,-0.006235860585004777,-0.011080637395974119,-0.010395237347274294,-0.05167443642759484,-0.005222601987663944,-0.0034542997507477358,1.0427329821486726,-0.05167443642759484
"voltarget 0.24 hl40 [1.0,1.6]",voltarget,0.15793974603736816,0.23669237872327045,0.560850968491239,-0.3651446484642912,0.1278000247420516,0.43254021851785035,0.08747594416905868,-0.3651446484642912,0.1542200272663724,0.22900768687678408,-0.34094878845283727,0.09569332219164851,1.3095107860221267,0.7932631465531685,0.011950782461998877,0.0011606547299303216,-0.0019259556996294447,-0.00644075468938754,-0.014396231917881475,-0.0046375495655583965,0.0009709687466577244,1.1452871569502259,-0.014396231917881475
"voltarget 0.24 hl40 [1.0,2.0]",voltarget,0.15948157434319477,0.24406124860242887,0.556701695404659,-0.3651446484642912,0.13231500138953686,0.4367627322868763,0.08463506315761671,-0.3651446484642912,0.15840634725321878,0.23526047140100959,-0.34497492460162205,0.10101634123282432,1.379422607300179,1.1491226897607876,0.013492610767825486,0.00042897840345232363,-0.0029227484572393048,-0.009645068259823975,-0.016391507667496252,-0.007478430577000372,0.005154659565938663,1.1775976778774655,-0.016391507667496252
"voltarget 0.24 hl40 [1.0,2.5]",voltarget,0.16090149774905438,0.2452524204448721,0.560192459468021,-0.3651446484642912,0.13277649905286712,0.4406513923338781,0.08391255148137433,-0.3651446484642912,0.1589112664926412,0.23899313103753705,-0.34497492460162194,0.10144291703360611,1.3918833027559334,1.2872094137031405,0.0149125341736851,0.0016175088231655532,-0.0019095140611150307,-0.010410179101383824,-0.013309802467094012,-0.008200942253242749,0.008887319202466187,1.1809004579106224,-0.013309802467094012
"voltarget 0.28 hl10 [0.5,1.6]",voltarget,0.16522356473847788,0.2263901826526879,0.6037153838904459,-0.28244315461841396,0.11585042066771395,0.5849798872332311,0.09998278319348652,-0.26901552377276494,0.12928119053402667,0.23069358782594773,-0.28244315461841407,0.10091911444608566,1.3831918533392817,2.1656159947920273,0.04164882292447146,0.014696019444742109,0.00901047375090952,0.009068181459224403,-0.02081002321975478,0.017648446329223147,0.03293797175761831,1.0597850283689567,-0.02081002321975478
"voltarget 0.28 hl10 [0.5,2.0]",voltarget,0.16708649680131726,0.24903257175596114,0.5770588871388602,-0.30022030218165185,0.12995005719530073,0.5565462947946125,0.09433974492282804,-0.29482568419622235,0.14274784350616085,0.24056967456503808,-0.30022030218165185,0.11559269406432175,1.572745029401564,4.573734281925602,0.0386498602254062,0.009219673927520294,0.0029874322560332622,0.0015734407712750947,-0.03266675935494634,0.009117565747810835,0.03351502090526198,1.1606725857591462,-0.03266675935494634
"voltarget 0.28 hl10 [0.5,2.5]",voltarget,0.1590033498372425,0.26087535426996805,0.5359301098825106,-0.3212693934894768,0.13796802519339876,0.49492218387261555,0.08520591468425409,-0.3112529648648792,0.15010129774460745,0.23365183300032655,-0.3212693934894769,0.12390173425966938,1.6753017084557777,7.427211953309892,0.02483968972068079,-0.002845271656819165,-0.008989438965777918,-0.008311980745155018,-0.05127747274479644,-0.0017584458605293674,0.015743305977139715,1.218049448111153,-0.05127747274479644
"voltarget 0.28 hl10 [1.0,1.6]",voltarget,0.17259985393301935,0.24732959445743824,0.5980802226039468,-0.3651446484642912,0.1313339256673202,0.472688986841056,0.10347676155173557,-0.3651446484642912,0.15748591947323337,0.24217820926871547,-0.3257710760720489,0.09984127944666506,1.4133683715605152,1.9048070400196297,0.026610890357650074,0.014039165231465783,0.009079654907270918,0.009274285038487581,-0.007662237858718973,0.011363267817118494,0.021950540043000816,1.1705764563983148,-0.007662237858718973
"voltarget 0.28 hl10 [1.0,2.0]",voltarget,0.17373293357346076,0.26810762759805273,0.5754958163300122,-0.3651446484642912,0.14350441807021952,0.475792084874142,0.09753643124662181,-0.3651446484642912,0.16860085509056277,0.25090807488143696,-0.3370272710323996,0.11378419981823186,1.60196595330623,4.301353135074722,0.027743969998091478,0.009208535333333656,0.003426314739507358,0.002451105127359174,-0.019732462008242413,0.005422937512004733,0.024886746090311662,1.257666299955471,-0.019732462008242413
"voltarget 0.28 hl10 [1.0,2.5]",voltarget,0.16584311888470693,0.27920874047190486,0.5394638849202201,-0.3651446484642912,0.15064055951685962,0.4541847171585354,0.08883505698970984,-0.3651446484642912,0.17481917859017104,0.24393258285428998,-0.3370272710323998,0.12189414291239613,1.7051338045641369,7.167286787546023,0.01985415530933765,-0.0020261338240766813,-0.007894358499012988,-0.00667893085912892,-0.038208426294333686,-0.0032784367449072427,0.017911254063164572,1.3087667261528981,-0.038208426294333686
"voltarget 0.28 hl20 [0.5,1.6]",voltarget,0.16325298838131497,0.228900341091952,0.5921751153411506,-0.29435973181676833,0.11314154897788611,0.5546036727704858,0.0991856098446966,-0.2724762607852692,0.12313365514919689,0.22748492776652252,-0.29435973181676833,0.10217006001482126,1.3781651877466963,1.1655130775719973,0.03641837107417298,0.01418445411841937,0.00613012247408623,0.009315353131632051,-0.025927625525381637,0.016456168545424657,0.023455368937591675,1.040388341378101,-0.025927625525381637
"voltarget 0.28 hl20 [0.5,2.0]",voltarget,0.16439611768996198,0.2488771534498954,0.5679429404248695,-0.3105328135845402,0.1267783943449098,0.5294001487066886,0.09131385849319695,-0.30039160363841066,0.13667379863328383,0.23825134753363386,-0.3105328135845402,0.11569501831976127,1.54342550623301,2.1673100361624553,0.03315041499347435,0.008144333138760229,0.00034845420678455974,-0.0007828399237038014,-0.0351319617393675,0.005487555103405123,0.025876646954351656,1.1379782025485576,-0.0351319617393675
"voltarget 0.28 hl20 [0.5,2.5]",voltarget,0.16111950936151054,0.25756524163286226,0.5465054524152168,-0.32036492255782634,0.13239785804910284,0.5029249397066192,0.08605256476082856,-0.3147398761360102,0.14081462804154524,0.23712940249384684,-0.3203649225578262,0.12283567580798377,1.6178110771082395,3.2644307566302952,0.02720106563182445,0.0020253694413701617,-0.005801541250793935,-0.006502310165017261,-0.046319279639034705,-0.001277155543030123,0.019687005728963203,1.1781906544894245,-0.046319279639034705
"voltarget 0.28 hl20 [1.0,1.6]",voltarget,0.17031348887580644,0.24866967238924978,0.5883401028760056,-0.3651446484642912,0.1331876718972658,0.4664274544132119,0.09805665798410645,-0.3651446484642912,0.1605614879491064,0.24325705212084658,-0.33470998111483463,0.09993081439013732,1.4085119442926848,1.0331888501160236,0.02432452530043716,0.01082333961618781,0.0063357614333866275,0.0035947010634594656,-0.006721836815361509,0.005943164249489374,0.018428452217593344,1.1838430805251263,-0.006721836815361509
"voltarget 0.28 hl20 [1.0,2.0]",voltarget,0.17085332194830682,0.2671897365417656,0.5673330262212907,-0.3651446484642912,0.14456693785087726,0.46790586324316674,0.08966609310275708,-0.3651446484642912,0.17107811415090055,0.25346374942286554,-0.3499582462151455,0.1128931017564502,1.57366991863414,2.0530535728659767,0.024864358372937545,0.005828148352042595,0.0008403651200349083,-0.0055974492689285504,-0.01589771300069881,-0.0024474006318599972,0.020797263420988726,1.2652739628789305,-0.01589771300069881
"voltarget 0.28 hl20 [1.0,2.5]",voltarget,0.16746992090899915,0.27527741010500123,0.5482324603288458,-0.3651446484642912,0.14939517356186247,0.4586399434123889,0.08424368077105471,-0.3651446484642912,0.17437795440216655,0.252328020849649,-0.35330366388319656,0.11993507256367042,1.647921179828686,3.141466704363523,0.02148095733362987,0.00016915536452122293,-0.005058814033650771,-0.0112440717176307,-0.027070224630550976,-0.007869812963562373,0.017945412022415702,1.2998442273322155,-0.027070224630550976
"voltarget 0.28 hl40 [0.5,1.6]",voltarget,0.15096694660188636,0.23421852586707137,0.5386551977203826,-0.3254208986687299,0.12120047251739749,0.4639128808858918,0.08544032742527796,-0.29341571561568436,0.13310400798451788,0.21678776940731237,-0.3254208986687299,0.10813209707595235,1.3720283926037298,0.8583133166207126,0.015677747715057866,-0.0024018161632649304,-0.008027946680043418,-0.0060855524622265705,-0.04559509687425395,0.0003726289833223678,-0.0032596605217770913,1.0980720154640538,-0.04559509687425395
"voltarget 0.28 hl40 [0.5,2.0]",voltarget,0.15148064327447708,0.2508899664884249,0.5209334934443278,-0.35377379284046917,0.13373015551247214,0.4281850333181288,0.07830322590119176,-0.3138654733401983,0.14401271961140213,0.22549253118731727,-0.35377379284046917,0.12252560282406341,1.5096584297191544,1.3054384744009457,0.008541209291837104,-0.00828150498672317,-0.013232712240877076,-0.014601413464640972,-0.05752549784133282,-0.008934874177782659,-0.00913124305317417,1.187725449158781,-0.05752549784133282
"voltarget 0.28 hl40 [0.5,2.5]",voltarget,0.1537031011180776,0.2558657063250895,0.523318403072575,-0.35092782698846625,0.1355317304100452,0.437990633108526,0.07711613851437105,-0.3269628329815967,0.14657705900398024,0.2313922888785538,-0.35092782698846614,0.12349343023336155,1.5541417361295502,1.6021489726335703,0.011526921667259993,-0.006961034093410479,-0.012655866930605414,-0.01606051613020855,-0.0529699329685252,-0.011440265870133845,-0.0017715699064026758,1.2006185304627275,-0.0529699329685252
"voltarget 0.28 hl40 [1.0,1.6]",voltarget,0.16100393146601477,0.2512801604497544,0.5530517584394351,-0.3651446484642912,0.13706561142833448,0.4409319214814124,0.08747831330566358,-0.3651446484642912,0.16386002503241182,0.23535087586084447,-0.3428389579529919,0.10493263331372438,1.4018718810988078,0.7783136872569172,0.015014967890645492,-0.0004059513609415699,-0.0038384718079182145,-0.0072619354992028845,-0.022269843576787685,-0.0046351804289535,0.006342770358428507,1.2115929633987452,-0.022269843576787685
"voltarget 0.28 hl40 [1.0,2.0]",voltarget,0.16117171527019902,0.26738957872876956,0.5360547654501157,-0.3651446484642912,0.14809734106934586,0.44139142103834117,0.08005541065816657,-0.3651446484642912,0.1729663662221688,0.24375465421895792,-0.3627492047466647,0.11914110515281891,1.5422232996013567,1.251394599277068,0.015182751694829744,-0.005517369870320699,-0.008905177312815676,-0.015343974271594313,-0.03452209803846312,-0.01205808307645051,0.004527554768740699,1.2905517206759465,-0.03452209803846312
"voltarget 0.28 hl40 [1.0,2.5]",voltarget,0.1633250616355384,0.27210575948437044,0.5382987308759172,-0.3651446484642912,0.14981246981302965,0.44728866306118287,0.07886639431817755,-0.3651446484642912,0.17510720904772997,0.24955850660939927,-0.3613875042994903,0.12034571351399316,1.5869011999664397,1.556359300342397,0.017336098060169114,-0.004166407497327329,-0.008223526119091967,-0.0166647199326007,-0.03041977658581041,-0.013247099416439534,0.01102907235363193,1.3028338581069276,-0.03041977658581041
"voltarget 0.32 hl10 [0.5,1.6]",voltarget,0.1716590461170313,0.23935228624018365,0.6067007186118799,-0.2967128429786603,0.12554586865866296,0.5785359487434695,0.10093676268520557,-0.2967128429786603,0.14258995727768067,0.24295131814240856,-0.29565264418900417,0.10635929184555716,1.4303936645140372,1.6615299237760002,0.044180716334268816,0.016043420320904528,0.010862453764669544,0.00818772601554918,-0.016792868829048124,0.015507820270114284,0.03825426039122437,1.1291604597867273,-0.016792868829048124
"voltarget 0.32 hl10 [0.5,2.0]",voltarget,0.17812936355612807,0.2693881033318018,0.5881075783971832,-0.3281554893744949,0.14195544585088912,0.5428200024801193,0.10091553788507857,-0.30464534837619284,0.15743288649158324,0.25638552506363155,-0.3281554893744949,0.12463058661216653,1.672485157948224,3.6854635437048238,0.04209877384181576,0.014342123999950496,0.0074206233618240025,0.0067175356730181796,-0.029556066641270307,0.014643525662535295,0.034930577971260424,1.24657818017808,-0.029556066641270307
"voltarget 0.32 hl10 [0.5,2.5]",voltarget,0.17336643169569976,0.29071464194154223,0.5518412232197313,-0.3455049200257133,0.15611344133905422,0.5017770273222084,0.092630020539334,-0.34218840806372874,0.169788479437823,0.25547237316175364,-0.3455049200257132,0.14045746176377674,1.8557787679260627,6.781479691598795,0.03265004504030894,0.0030003904677470827,-0.003776767568213907,-0.0025407443472516417,-0.05147947620853588,0.0026029007524125125,0.02509418847213643,1.3479773159381552,-0.05147947620853588
"voltarget 0.32 hl10 [1.0,1.6]",voltarget,0.17881782582397054,0.2568179276982466,0.6059568004381403,-0.3651446484642912,0.13626735691023156,0.48971777780678,0.10561172905501537,-0.3651446484642912,0.16322324598353796,0.2527472891886371,-0.33995825528602075,0.10389954341459497,1.4550532981450381,1.4926651246934186,0.032828862248601265,0.017796041158679915,0.012143932261171164,0.01092520420015071,-0.0033044548150336084,0.013498235320398289,0.02521962138971165,1.2058817051131685,-0.0033044548150336084
"voltarget 0.32 hl10 [1.0,2.0]",voltarget,0.18535038862602593,0.28460330079685187,0.5928783206994086,-0.3651446484642912,0.15114644557365273,0.5076081202492333,0.10516608194728994,-0.3651446484642912,0.17618030654431507,0.26679594300167064,-0.3589530673486653,0.12185184551942495,1.693625450537303,3.49743264004844,0.03936142505065665,0.017250345167570652,0.010005130420390584,0.009571160906068299,-0.015286320288627586,0.013052588212672855,0.0295153192780232,1.312391158635718,-0.015286320288627586
"voltarget 0.32 hl10 [1.0,2.5]",voltarget,0.18057073986207506,0.3048087565419532,0.5601104746897752,-0.3651446484642912,0.16417301371453577,0.49451837955591377,0.09684857490265841,-0.3651446484642912,0.18725126661556757,0.265901294767914,-0.3646827867041985,0.13726839079560937,1.8763583600943017,6.5921551118688555,0.03458177628670578,0.006661156271780766,-0.000546684708862849,0.000655075428432017,-0.03695096584035479,0.004735081168041333,0.025684419324378538,1.4057211637533584,-0.03695096584035479
"voltarget 0.32 hl20 [0.5,1.6]",voltarget,0.1676714966075652,0.24368786323700914,0.5862069643752189,-0.3161530673645786,0.1272102836508446,0.5303491059101801,0.10127860749831319,-0.3057670924330933,0.14385334503783853,0.2343574805099211,-0.3161530673645786,0.10853850794503127,1.4364558887362766,0.9624344082766129,0.03489495349224925,0.011196795677208438,0.005394654762524376,0.008391398389636318,-0.02863029596327582,0.01488905854870537,0.0190857153048391,1.1410680276481993,-0.02863029596327582
"voltarget 0.32 hl20 [0.5,2.0]",voltarget,0.17113743792052194,0.27206525255238656,0.5630978920685946,-0.3394758438690314,0.1441158071366621,0.5041225790031357,0.09486910377164515,-0.3179647315366011,0.15908127927574656,0.24840184561472745,-0.3394758438690313,0.12745208769303332,1.6601354096132117,1.8897150590375598,0.032047191991745966,0.0063248863838071545,-0.00039863182370053485,0.0005320295036238404,-0.04139673622057127,0.007210807502110617,0.02112209651233876,1.2620438579240432,-0.04139673622057127
"voltarget 0.32 hl20 [0.5,2.5]",voltarget,0.16671161611787877,0.29036401179953214,0.5325475250407432,-0.3568627893584926,0.15763654419179143,0.46715886634626336,0.08434790755623145,-0.35496101917317213,0.17131996501342625,0.2506293016556469,-0.35686278935849247,0.1421636964323182,1.8157824725625298,3.2593376001613246,0.022943749640342348,-0.004329934269149516,-0.010330971688663704,-0.010933033784764526,-0.058486357189848404,-0.006856413793035379,0.014420942780880242,1.3588885486961066,-0.058486357189848404
"voltarget 0.32 hl20 [1.0,1.6]",voltarget,0.17558563210520695,0.2596810346780973,0.59154610054666,-0.37387735826061386,0.14033409194586474,0.4696343017990775,0.10300785018268033,-0.37387735826061386,0.16925136908578509,0.2488529018275234,-0.3368879759521495,0.1052489100938158,1.456113488835261,0.8481430078542435,0.02749741527515495,0.012586668037209425,0.00797494342656524,0.007875725499539826,-0.009238570393091727,0.010344822446436294,0.022903269402439086,1.2349779064384092,-0.009238570393091727
"voltarget 0.32 hl20 [1.0,2.0]",voltarget,0.17925083056126834,0.2869370338636497,0.5724070214484013,-0.37387735826061386,0.15561463505235487,0.47943751233076887,0.09658828216587367,-0.37387735826061386,0.1823494105519004,0.2634291405914746,-0.3632208108720584,0.12418605039653977,1.6834677362824924,1.7683295744089351,0.031162613731216343,0.00911235021447146,0.0032100325818138487,0.0006265438243711619,-0.021895045176339334,0.0039252544296296404,0.02396063196829848,1.3444036066337155,-0.021895045176339334
"voltarget 0.32 hl20 [1.0,2.5]",voltarget,0.1747139957387307,0.3042850784458108,0.5441982677804225,-0.3743193774900643,0.1679351336437612,0.46675113885432823,0.08605056542471612,-0.37387735826061386,0.1930902303016,0.2655147152544881,-0.3743193774900643,0.1386247397040611,1.8384585953632866,3.1538880818988577,0.02651952205053293,-0.0007963833026894407,-0.0062590202956747665,-0.01039858050102492,-0.03908114805123436,-0.006612462311527914,0.0203651635679665,1.43270746102229,-0.03908114805123436
"voltarget 0.32 hl40 [0.5,1.6]",voltarget,0.15919706336953587,0.24832033207471188,0.5504771922332677,-0.3424329265452627,0.12896648921402112,0.46489998778926783,0.09450263220332467,-0.31394271686952,0.14263859201483953,0.2241067470940208,-0.3424329265452628,0.11394930504300825,1.4306427152689951,0.6994985588305429,0.01930924374176829,0.0018233973421330762,-0.004661392560984662,0.0017482765172377873,-0.046770780410149926,0.007256438520851713,-0.004692692581235891,1.153633528039155,-0.046770780410149926
"voltarget 0.32 hl40 [0.5,2.0]",voltarget,0.16096288343278098,0.2745779017689275,0.5286293026102186,-0.3747758189045619,0.14696306255813102,0.42949111258901895,0.0873639567966169,-0.3305482563708223,0.1599461559982871,0.2353890144909332,-0.3747758189045619,0.13272081970089702,1.6275802677001543,1.1566493757029725,0.012658685942086106,-0.005191605801147081,-0.011349679802891172,-0.007046085628698004,-0.061499851978352726,-0.0015503117285794593,-0.009993614148529784,1.2824302638035823,-0.061499851978352726
"voltarget 0.32 hl40 [0.5,2.5]",voltarget,0.16266308040219557,0.28966493808172045,0.5210268796086207,-0.3868259157614893,0.1570817689305127,0.42050719399703057,0.08192212645149888,-0.3720175772609595,0.16937971575362978,0.2448284042467721,-0.3868259157614893,0.14358901285451564,1.7548216981222755,1.7546528924378504,0.011597206775365881,-0.008134025822598728,-0.014178911913167197,-0.013219231606753853,-0.06608151673177798,-0.010623868551638618,-0.00670667546971726,1.3549143282303948,-0.06608151673177798
"voltarget 0.32 hl40 [1.0,1.6]",voltarget,0.16496790762816027,0.26244632033302634,0.5534251022723997,-0.3800796471177511,0.14417908672135796,0.43403509995643663,0.09177689593736171,-0.3800796471177511,0.17324637834392592,0.23893784741694768,-0.34748739548156593,0.10912257696527397,1.4495300291013682,0.6512882430368543,0.015388724606226978,0.000125531840510007,-0.0035274822643634463,-0.0036426333171375724,-0.024909953155133335,-0.0012764308806569175,0.007540837895202018,1.262496941018651,-0.024909953155133335
"voltarget 0.32 hl40 [1.0,2.0]",voltarget,0.16598646086190616,0.28794410878169346,0.5320622551936379,-0.3800796471177511,0.1612041550068129,0.4367149415145676,0.08449165242648693,-0.3800796471177511,0.18804993301195908,0.24895788793998563,-0.3795816802822759,0.1299503628090146,1.6503643591981396,1.1178796654613876,0.016407277839972867,-0.006627044328666787,-0.010354483124253466,-0.011739384596897134,-0.044223213186501076,-0.008561674391531701,0.0011211973100936912,1.3844456939121224,-0.044223213186501076
"voltarget 0.32 hl40 [1.0,2.5]",voltarget,0.1676956255494857,0.3022584791694951,0.5258626746512153,-0.3915391526105406,0.17020987751205646,0.428298484152594,0.0790641968387662,-0.3800796471177511,0.19613641323312314,0.25850433827805874,-0.3915391526105406,0.14039582337311812,1.776906918031575,1.7147420154777822,0.015606066726134349,-0.008782665122968797,-0.012718539087875985,-0.017490019941927226,-0.04836827420594775,-0.013989129979252432,0.004569152460736692,1.4490245682371936,-0.04836827420594775
"voltarget 0.36 hl10 [0.5,1.6]",voltarget,0.17216369522340402,0.25160219543591483,0.5909025333106463,-0.3252715423666388,0.13778926741216488,0.5292922152696191,0.09976978657446334,-0.3252715423666388,0.16029903741851806,0.2452471172959294,-0.3197113416771806,0.11182724705763597,1.4745700285438634,1.4465330038107678,0.03691498919430514,0.010401982809976396,0.007214786218304958,0.00532997215239292,-0.02255794356162555,0.011382191336571451,0.028141551504885204,1.2167704927954857,-0.02255794356162555
"voltarget 0.36 hl10 [0.5,2.0]",voltarget,0.1872093621598916,0.2864085291824014,0.5966009024000797,-0.34758859236308615,0.1543521922356146,0.5385946670089085,0.10314803536580963,-0.3360901969676764,0.17511285293897652,0.2728756399410104,-0.34758859236308615,0.13090022469761511,1.753006582947951,2.915851091239503,0.04593097489932224,0.017646822027656245,0.011326078350196972,0.007616585527084163,-0.021576682911148393,0.013698088559452717,0.04142662377498452,1.335358805553999,-0.021576682911148393
"voltarget 0.36 hl10 [0.5,2.5]",voltarget,0.18736211193651586,0.3158049465176681,0.5698360220297604,-0.3700579378009532,0.1724373366509357,0.5063048047284266,0.09536125666859596,-0.3700579378009532,0.19171981497782084,0.2817802706159882,-0.3694154538160126,0.1504091558436439,1.9968975485782963,6.02210297284989,0.04019204434283499,0.00996876403821395,0.003294754521331905,-0.0010406200310525693,-0.03745545381429305,0.0029385783150804173,0.03914080311557658,1.465009287500102,-0.03745545381429305
"voltarget 0.36 hl10 [1.0,1.6]",voltarget,0.17816783331894426,0.2683623818076146,0.5891717739544345,-0.39152985438379584,0.14848150077807493,0.45505555023218186,0.10478174254119321,-0.39152985438379584,0.17937082416471603,0.2522934646520987,-0.338961261676232,0.1110099079123178,1.4949202159164274,1.2849635056143187,0.02608029401155984,0.011297690170419039,0.007779710659865519,0.008997112093455648,-0.014315729933756516,0.011125094977988678,0.0252781673060469,1.2933023118893883,-0.014315729933756516
"voltarget 0.36 hl10 [1.0,2.0]",voltarget,0.19296510165715497,0.30103411188959583,0.5978613375511246,-0.39152985438379584,0.16383962435663546,0.49284901137577514,0.1081753869493256,-0.39152985438379584,0.19271927555098525,0.27939803529378415,-0.35700570146679456,0.12989459912598594,1.771715926274856,2.751503089120783,0.04087756234977055,0.019197376428002955,0.012888566354246789,0.011739036227835883,-0.013708436029969906,0.014518739386121068,0.04311636577281053,1.4033297077424256,-0.013708436029969906
"voltarget 0.36 hl10 [1.0,2.5]",voltarget,0.19311859198380388,0.32912580974603384,0.5744371868750292,-0.39152985438379584,0.18087312255838622,0.4932410385096714,0.10035312174172617,-0.39152985438379584,0.20791776011105512,0.2883482945595761,-0.375030152021814,0.14929379663439601,2.0156068919052013,5.857754970731171,0.04103105267641946,0.01232114229159334,0.005657671908979894,0.0034831868453397002,-0.02959147845518212,0.006696474178521636,0.04283579341924368,1.525612784136992,-0.02959147845518212
"voltarget 0.36 hl20 [0.5,1.6]",voltarget,0.17224095490184976,0.2553129300910172,0.5861950701249063,-0.3272923787644033,0.13391122571918768,0.526260206705989,0.10312952105724515,-0.3257426751715745,0.15452819375215168,0.24180815823523494,-0.3272923787644032,0.1102943116215769,1.4760138702205068,0.8590746971995182,0.03644436813652607,0.012388018801049866,0.0060648049925342284,0.009182983421915508,-0.02375403221145428,0.014694901655652945,0.02079746153651632,1.1890213063447614,-0.02375403221145428
"voltarget 0.36 hl20 [0.5,2.0]",voltarget,0.18376278465499674,0.2915086011943512,0.5812206869300066,-0.3619375140044312,0.1551557248551116,0.5077196409453897,0.10434686763127865,-0.3400091610252529,0.17344696104918483,0.2643808470170421,-0.3619375140044311,0.13470203262950992,1.7526396447106587,1.5289956053285314,0.0386339367795151,0.013833664157184733,0.006391762999486905,0.008914472365927503,-0.03511271300597557,0.014526005464628441,0.025569270349631967,1.3411157337950577,-0.03511271300597557
"voltarget 0.36 hl20 [0.5,2.5]",voltarget,0.18038647578453548,0.3185388644037541,0.5491429473749571,-0.38718447714006843,0.17325350504452217,0.46589284032499734,0.0900805486650662,-0.3797679159629189,0.18914677279563635,0.27296960224479827,-0.38718447714006843,0.1552831689220831,1.9764804109765983,2.9258219771387712,0.02924272489690788,0.0026586195254500455,-0.004402983229626317,-0.006202040141996115,-0.051855972720427246,-0.00295316146203492,0.021251933496649278,1.4708664468502335,-0.051855972720427246
"voltarget 0.36 hl20 [1.0,1.6]",voltarget,0.17978099462512764,0.26732790562549347,0.5955036967533154,-0.3651446484642912,0.14190635764849788,0.49235555109801665,0.10608054355833496,-0.3651446484642912,0.1701272633998464,0.25423817232044854,-0.3385040212639028,0.10796659322292053,1.4941418996711275,0.7630443148877065,0.033792031049758364,0.01601762094214651,0.00972383319329978,0.010885406247783044,-0.007898354664927165,0.01396704982371788,0.027457857901907107,1.2462269696352353,-0.007898354664927165
"voltarget 0.36 hl20 [1.0,2.0]",voltarget,0.19093371923629476,0.3018574048382656,0.5914083397567029,-0.37254310902467114,0.16174333343169522,0.5125144301720272,0.107301146701124,-0.3651446484642912,0.18747845578843353,0.2761111558665761,-0.372543109024671,0.131937354956028,1.768857569039319,1.4404720882895463,0.043166242144129174,0.018082642135861943,0.010630154140216591,0.011096969270765894,-0.019729181951409824,0.015187652966506926,0.0318706814738291,1.3883081839696252,-0.019729181951409824
"voltarget 0.36 hl20 [1.0,2.5]",voltarget,0.18747720320100214,0.3280355479955042,0.560803349314001,-0.39739793146043,0.17896546912993314,0.47176189999788604,0.09299666337843915,-0.37976791596291826,0.20209112980688232,0.2846536154225905,-0.39739793146043,0.1524076914384554,1.992678364797378,2.838562173986091,0.0341151547128182,0.00743303567384912,0.0002839942651943206,-0.0037455571684604644,-0.03690423537881349,-3.704674866193691e-05,0.02773498291854415,1.5118879378524068,-0.03690423537881349
"voltarget 0.36 hl40 [0.5,1.6]",voltarget,0.16651481597220652,0.26095965610073796,0.5603052647393815,-0.3643383687506222,0.1353240267809492,0.45703343445054645,0.09939002978216593,-0.3363340767404366,0.15265331111900735,0.23398356731440728,-0.3643383687506222,0.11598526551879776,1.4786699119850242,0.619196392100151,0.02074208712254247,0.0059535073649183146,-0.0015049436184002563,0.005625031045952855,-0.03981636028273983,0.009917000663123163,-0.006057004962464169,1.1991322375766489,-0.03981636028273983
"voltarget 0.36 hl40 [0.5,2.0]",voltarget,0.17379060913632283,0.2960425098127799,0.5482207386868801,-0.39445357539133397,0.15736236272728973,0.44058571142093633,0.09556454531586556,-0.36152244373491393,0.17284352665518635,0.25316404375123214,-0.39445357539133397,0.14035190980845788,1.731508544966172,1.0143041689774948,0.021068056140886915,0.00286986813476664,-0.004881393521769417,0.0001739975754109363,-0.053652117321696224,0.003774434180898567,-0.0022552439944697467,1.3569244063422643,-0.053652117321696224
"voltarget 0.36 hl40 [0.5,2.5]",voltarget,0.1717694066919857,0.3206444332968669,0.5247533708515074,-0.42829202671079436,0.1758198508514296,0.40105674628394045,0.08416008126572039,-0.39147949278882255,0.1885378055068674,0.2614235783801142,-0.42829202671079425,0.16185981571422567,1.9299031605530381,1.6584452386720865,0.011961533813504122,-0.007010271881977559,-0.013553002695108063,-0.012093885904522289,-0.07062765700372653,-0.009493957985980697,-0.011134200829006236,1.4892835975959835,-0.07062765700372653
"voltarget 0.36 hl40 [1.0,1.6]",voltarget,0.16851116543398148,0.2727358932154655,0.5538090952607531,-0.3856867619808403,0.15003530954104752,0.43691197636270596,0.09631522179993124,-0.3856867619808403,0.17931835961250225,0.24139652504341558,-0.365236036128035,0.11503836488231092,1.4960672101707915,0.595516102668912,0.01769270879449178,0.0009180343810148428,-0.003232154931041592,0.0005337109146746899,-0.031044229553560454,0.002961197796176096,0.0008964482616089509,1.3044303985488812,-0.031044229553560454
"voltarget 0.36 hl40 [1.0,2.0]",voltarget,0.1756843540542734,0.30646880869551657,0.5449979504290398,-0.395308714736164,0.16976364033872254,0.4444231748635449,0.09250043656670948,-0.3856867619808403,0.1967915785929986,0.2604518333323582,-0.395308714736164,0.1385811564515239,1.7483215000435264,0.9994078981567183,0.022776070208404664,-0.0006040611089909165,-0.005890843533770784,-0.00407637858907986,-0.044088003182459534,-0.0008535874370456664,0.004597085790274236,1.4458236365182209,-0.044088003182459534
"voltarget 0.36 hl40 [1.0,2.5]",voltarget,0.17364246781844717,0.330204128015873,0.5237445811923532,-0.4290993801387808,0.18657801228829704,0.4046672539174657,0.08112786887376688,-0.39147949278882266,0.21070962200115018,0.2687226978728112,-0.4290993801387808,0.15936352077089141,1.9462292229783915,1.6368119365879326,0.013667652721679524,-0.009372135812568655,-0.014079041915279367,-0.015792194978874824,-0.06062145664043139,-0.012526170377934201,-0.004241930593328669,1.5666921129061027,-0.06062145664043139
"voltarget 0.40 hl10 [0.5,1.6]",voltarget,0.17450045195206254,0.2592245615722271,0.5887455028423874,-0.34680979320993155,0.1425321805233029,0.5031589515882949,0.1016489129668059,-0.34680979320993155,0.16843098231737505,0.24806623215335577,-0.33086868788548385,0.11200620371571544,1.4934423152097376,1.106105393450217,0.0334321195967367,0.010434278220005894,0.007035803271186719,0.006575807648149426,-0.020000663993404666,0.011184396278209857,0.025214778642837166,1.2507050596349436,-0.020000663993404666
"voltarget 0.40 hl10 [0.5,2.0]",voltarget,0.19136173930286193,0.29932595000604323,0.5952306273578474,-0.3679044771523017,0.16475273410054744,0.5201397405763121,0.10330204216508743,-0.3628208221575957,0.19068405110728584,0.28139611014292965,-0.36790447715230157,0.1348765441010466,1.7963580467506333,2.2425176348550724,0.04470934141090602,0.017205482620186063,0.01175624367028058,0.006947200837506801,-0.018326292217235307,0.011396014614283662,0.03953009236487309,1.4098795922362568,-0.018326292217235307
"voltarget 0.40 hl10 [0.5,2.5]",voltarget,0.1952045168401968,0.3370245063980409,0.5742039317961845,-0.3963004075882566,0.18486935257266357,0.49256703526534856,0.09945037045396377,-0.38428388176051753,0.20747905030160937,0.2937483353832333,-0.3963004075882566,0.1591369519090126,2.1031922354991184,5.077296010630572,0.04208084358685793,0.012838376808194107,0.005834773810320576,0.0025900516710085364,-0.03534929925213187,0.006169003970657977,0.03738859135132966,1.5543732681831222,-0.03534929925213187
"voltarget 0.40 hl10 [1.0,1.6]",voltarget,0.18039358044766152,0.2687806336646458,0.5957334144113479,-0.37465593001648767,0.1444853884223761,0.48149132576047265,0.10771374055320537,-0.37465593001648767,0.17369453912950905,0.2537513142011749,-0.33086868788548374,0.10931216512570384,1.488782739781183,0.9682524337670589,0.032118203007599294,0.015406841847944053,0.009872568902344558,0.012266624199845075,-0.01037387683711638,0.01500171867166876,0.030899860690656367,1.2646900673365307,-0.01037387683711638
"voltarget 0.40 hl10 [1.0,2.0]",voltarget,0.198408781536082,0.30951898917379667,0.6046540087070893,-0.37465593001648767,0.16701225617302698,0.5295759806266793,0.11041543820589239,-0.37465593001648767,0.1954864388019477,0.28832898173783916,-0.3679044771523019,0.133763995111338,1.8123710465819869,2.1343378107004276,0.05013340409601977,0.023291090150794613,0.016003938155803282,0.013883640751521778,-0.009934500422101422,0.017703416324355778,0.046462963959782444,1.4260875110375588,-0.009934500422101422
"voltarget 0.40 hl10 [1.0,2.5]",voltarget,0.202109396306692,0.34548408736555447,0.5851168647464647,-0.3963004075882568,0.18669016220835943,0.5099903821362634,0.10653893334368836,-0.3842838817605171,0.21183168255168397,0.3004004067838457,-0.3963004075882567,0.15783283772644924,2.1136975234920006,4.92532520865612,0.04898572305335308,0.01905222999328407,0.010777493490027351,0.009608378474459833,-0.027278277046197674,0.013257566860382597,0.04404066275194202,1.5675006749844982,-0.027278277046197674
"voltarget 0.40 hl20 [0.5,1.6]",voltarget,0.17529135645701288,0.26688876795021044,0.5818615866027549,-0.34103363900431927,0.14157202583082934,0.5140001935550785,0.10231711004032396,-0.34042144940061103,0.16588889389399106,0.24898584175662974,-0.34103363900431927,0.11323098345206002,1.5185207762197281,0.7679655600681838,0.03578094762974596,0.011690529381512133,0.005374688877489847,0.007426884856973806,-0.02086061313629095,0.012457226313627778,0.020905517614325825,1.2438349313561043,-0.02086061313629095
"voltarget 0.40 hl20 [0.5,2.0]",voltarget,0.18851636718192477,0.30487095530817904,0.5820151608686344,-0.37839122153922133,0.1643339857324646,0.4982049171623938,0.10706033099597434,-0.3676956350503374,0.1859631154972454,0.27133061955128235,-0.37839122153922133,0.14001972536646806,1.7975543373453042,1.2974032067303776,0.039343064233151676,0.014538289423739331,0.007381790790295967,0.010927374992895589,-0.035058514459880064,0.014786308181676061,0.024101824015088202,1.4068758421818852,-0.035058514459880064
"voltarget 0.40 hl20 [0.5,2.5]",voltarget,0.18973505741430952,0.34097579222618196,0.5579936503877297,-0.4085361066220524,0.18574385151734038,0.4644266549243797,0.09677542613862711,-0.39328894986705865,0.2051292220039126,0.28520281521209423,-0.4085361066220524,0.1641409425369585,2.0863025151364947,2.571320424947611,0.034032061429808136,0.007037031092831075,-0.0005593582238177519,-3.338658048342158e-05,-0.04926583436745968,0.0030276720688256348,0.022628715292865198,1.5606781026749275,-0.04926583436745968
"voltarget 0.40 hl20 [1.0,1.6]",voltarget,0.18060955795222444,0.27879089700397375,0.5847804928465761,-0.39008974018919995,0.14974626811116593,0.4629948941098164,0.10493958027222772,-0.39008974018919995,0.1812296301383476,0.2571856923754883,-0.3574783595913279,0.11139558890305526,1.5320075302831357,0.6739427219557685,0.028834802328224246,0.013148290759494252,0.006996613556150527,0.009044424505391127,-0.00998780026350754,0.011357518639473596,0.020661560036239868,1.3023595544659579,-0.00998780026350754
"voltarget 0.40 hl20 [1.0,2.0]",voltarget,0.19412901828342388,0.31550874509072446,0.5877114188674438,-0.39008974018919995,0.17121527382694318,0.4976522022580448,0.10969408559935889,-0.39008974018919995,0.1997682007932001,0.2801672501815202,-0.38939253401220575,0.13803036049145864,1.8122154476468435,1.2112065746501155,0.042354262659423686,0.01723653544586251,0.010140000411847067,0.013014598921052348,-0.02366453155791337,0.01611202396660477,0.027325179893722518,1.4562392631371852,-0.02366453155791337
"voltarget 0.40 hl20 [1.0,2.5]",voltarget,0.19549472220702624,0.35062523820084746,0.5658662076071119,-0.4185587639017323,0.1916859969849461,0.4670663693304574,0.09938471241381408,-0.3932889498670583,0.21772241832811068,0.29443390861078234,-0.4185587639017323,0.16204932862649982,2.1017874084326884,2.484396714017878,0.03769946539999497,0.010548920048833121,0.0030066018107270664,0.0023990804752512113,-0.03781816225481982,0.005636958344012635,0.02678700282064911,1.6035307707642328,-0.03781816225481982
"voltarget 0.40 hl40 [0.5,1.6]",voltarget,0.16962984631646605,0.2681924006002203,0.5622733031269002,-0.38718225417266083,0.14346526542174684,0.438113690615637,0.10027732474416862,-0.3430210010618786,0.16692367174727601,0.23946413575182146,-0.38718225417266083,0.11646501790691788,1.487001273719746,0.5903409206873321,0.018486578243282203,0.00512390108007546,-0.0007038940475138922,0.005312656708209587,-0.03502442428211411,0.010171403129174889,-0.012252401001944968,1.2573859662077487,-0.03502442428211411
"voltarget 0.40 hl40 [0.5,2.0]",voltarget,0.17976060825835094,0.3120587552066276,0.5519964964746769,-0.4178970007063425,0.1690202598913613,0.4301552965312361,0.0961780325698871,-0.3818094829611166,0.19202602710714278,0.2649426765185441,-0.4178970007063424,0.14305774603181054,1.800033779060476,0.9165575874891122,0.022102188940316236,0.0037885041274244025,-0.0033159540732301818,-0.0002344061908548939,-0.04529845826791368,0.003024819352101013,-0.002369457077837589,1.4404912478347658,-0.04529845826791368
"voltarget 0.40 hl40 [0.5,2.5]",voltarget,0.18016228365234932,0.34531044469224786,0.53188617587268,-0.45350437116816633,0.19123604530805935,0.3972669176005415,0.0864575013625466,-0.40384356318852976,0.21008843567537666,0.27652406789378414,-0.45350437116816633,0.17027322835449124,2.0570182026309305,1.5041933020355374,0.01521962604927174,-0.004619542514627595,-0.011129659037120182,-0.010456754536108934,-0.064301499321964,-0.007796859799211298,-0.00867419752467452,1.60027584395147,-0.064301499321964
"voltarget 0.40 hl40 [1.0,1.6]",voltarget,0.17303127974164223,0.2764913211335789,0.5639985265515993,-0.38718225417266094,0.14881219839127552,0.4468987870102132,0.09996605660199087,-0.37796296957036213,0.1773629512950737,0.24683274979157677,-0.38718225417266106,0.1148878336439782,1.4994463966625593,0.5583148851581214,0.021888011668458357,0.006005275763004553,0.00012740528222873748,0.004300815048401269,-0.025391933565249658,0.00704592856303396,-0.004883786962189773,1.2956701134274125,-0.025391933565249658
"voltarget 0.40 hl40 [1.0,2.0]",voltarget,0.1829617115077451,0.31907773878599305,0.5552232954269638,-0.4178970007063425,0.1733384167789038,0.4378153257824237,0.09586792411629985,-0.38180948296111616,0.20116684465651746,0.27198121382437845,-0.4178970007063425,0.1411953419663481,1.8116713352997698,0.8846540114577368,0.02530329218971039,0.005199053992812841,-0.0019641445171804384,-0.0008540369546150423,-0.035915430265792636,0.0027147108985137725,0.004669080227996725,1.4714758083041655,-0.035915430265792636
"voltarget 0.40 hl40 [1.0,2.5]",voltarget,0.1833644767876066,0.3516657444107254,0.5362191483565465,-0.4535043711681661,0.19470757338326086,0.40432791488929737,0.08615014284447264,-0.40384356318853,0.21847483861313002,0.28362704768919667,-0.4535043711681661,0.16790958655170224,2.068655758870224,1.4722897260041619,0.018421819184529065,-0.0026824791397585535,-0.009351008659914256,-0.010842524056407218,-0.05477256501573746,-0.008104218317285264,-0.0015712177292618867,1.6253886958279538,-0.05477256501573746
"invvar 1.2@0.2 hl20 [0.5,2.0]",invvar,0.1472630167778748,0.23082176458477008,0.5293533331308139,-0.3001124625503203,0.12025649062606554,0.49069277405693534,0.08097190010805111,-0.2902281117423273,0.12453053797466136,0.2139102829008137,-0.3001124625503202,0.11473697576883517,1.4640228067354808,3.220293897951451,0.018855755069345115,-0.005604431622909967,-0.010536199713067629,-0.009140089775768509,-0.058097860364205056,-0.0037465541096974864,0.006911261848464939,1.0913165253292114,-0.058097860364205056
"invvar 1.2@0.2 hl20 [0.5,2.5]",invvar,0.143396902895238,0.2537677653075782,0.4903987832116813,-0.3436461994082949,0.13837333456700265,0.4172806308992943,0.07096970234298139,-0.33765950360424357,0.1415832318331584,0.216634266727739,-0.343646199408295,0.13305854885803864,1.6283120597152623,5.073285125934308,0.003181843676561158,-0.01864877332163989,-0.02226821898263809,-0.021669232175553776,-0.08070414175128382,-0.018628773495017875,-0.01278869265736099,1.2209493083258105,-0.08070414175128382
"invvar 1.2@0.2 hl20 [1.0,2.0]",invvar,0.16030201827354773,0.262936547387359,0.5377701658820998,-0.3651446484642912,0.14323275415815503,0.4390096334363346,0.08422606006085043,-0.3651446484642912,0.16595825668270509,0.23740706573794634,-0.3463595640753848,0.11640406564145496,1.5531441998732294,2.8277520644851473,0.014313054698178451,-0.004094342263385314,-0.008350210558661225,-0.010669155144116815,-0.036994003940270526,-0.007887433673766653,0.006589666238448061,1.2557211809006752,-0.036994003940270526
"invvar 1.2@0.2 hl20 [1.0,2.5]",invvar,0.15647636799841558,0.2833909127842358,0.5072905129117469,-0.3651446484642912,0.15837126093200743,0.42853255184354144,0.07416894487978931,-0.3651446484642912,0.17905091023422282,0.24038735636971764,-0.36308624365100617,0.13367692657690863,1.7182958873684686,4.683335048441124,0.010487404423046298,-0.014888912069037585,-0.018507553216253136,-0.02159666336242838,-0.0577619501046055,-0.01794454885482777,0.000987730994218755,1.3641518084505833,-0.0577619501046055
"invvar 1.2@0.2 hl40 [0.5,2.0]",invvar,0.13779205792375904,0.22957216907524594,0.4948205781035193,-0.31551403073433715,0.12278400881569838,0.43672244179777847,0.06721498069940823,-0.31551403073433715,0.13001186426878866,0.20906123833644896,-0.29776081103287066,0.11453376056798588,1.4083450008766807,1.6622941150272372,0.005189501616344933,-0.016398054928501965,-0.019567294760254955,-0.02381645760813851,-0.06265521158338055,-0.020195855788814956,0.0032757857903586707,1.109401545298179,-0.06265521158338055
"invvar 1.2@0.2 hl40 [0.5,2.5]",invvar,0.1391715674143672,0.247796100434962,0.48109963519594223,-0.3627805882202295,0.1387278973308657,0.3836246258299844,0.0608425020647394,-0.3627805882202295,0.1464871380359205,0.21882534352930705,-0.31713576373217256,0.13009983878440556,1.536786957228114,2.3765211206247545,-0.00618338303905569,-0.023046491361869564,-0.02450790573730885,-0.03232544581960865,-0.07455580468788142,-0.03105993348720408,0.0030471336219898837,1.2234860926182218,-0.07455580468788142
"invvar 1.2@0.2 hl40 [1.0,2.0]",invvar,0.1575208123807692,0.2587094762973416,0.5329883667364289,-0.3651446484642912,0.14238128866147104,0.4313929097503225,0.07810970980187704,-0.3651446484642912,0.16734701893730133,0.23826182163374354,-0.3563350143585403,0.11273951359058403,1.4962582944639886,1.5044600103886463,0.011531848805399925,-0.00647346491612566,-0.009778667764981042,-0.016885414212985478,-0.030877995773527844,-0.014003783932740044,0.0023241992749940543,1.249624950631781,-0.030877995773527844
"invvar 1.2@0.2 hl40 [1.0,2.5]",invvar,0.15886727368805786,0.2750185217811839,0.5216402575284078,-0.37409389031837215,0.15552515679267295,0.42467219540221324,0.0716721773311102,-0.3651446484642912,0.1798443971647863,0.2481421728416624,-0.37409389031837215,0.12739626947421187,1.6247194568623158,2.2265295264878415,0.010727004787389305,-0.011230385698457523,-0.01358145601664118,-0.024140611949605068,-0.04158023193355026,-0.02044131640350688,0.003107873243104048,1.343762537549991,-0.04158023193355026
"invvar 1.4@0.2 hl20 [0.5,2.0]",invvar,0.15907525866230388,0.24889793078943082,0.5495778622927614,-0.31992854764740364,0.12867176810617778,0.4972212071478606,0.09166679599795247,-0.3015958281467498,0.13444240147946174,0.22687216141290123,-0.31992854764740364,0.12208292156246149,1.55886799818362,2.964922772440342,0.02527512307842164,0.001849364558017902,-0.004979276452323572,-7.30963854393002e-05,-0.055531037980855735,0.00571431355110176,0.009654655844179183,1.1515243104467827,-0.055531037980855735
"invvar 1.4@0.2 hl20 [0.5,2.5]",invvar,0.15815355987188617,0.2786435333780768,0.5165697088882137,-0.3709365447179871,0.15093994879641248,0.4263628432516025,0.07810420849821731,-0.3539651901593973,0.15542197985166248,0.2395872353739663,-0.3709365447179871,0.1445558567909178,1.7776935967942966,4.631884957866012,0.010772284248488473,-0.009852277499281054,-0.015415420878158503,-0.015924136989155832,-0.07253979882705369,-0.013011207391711535,-0.003830859198632852,1.3109117076467511,-0.07253979882705369
"invvar 1.4@0.2 hl20 [1.0,2.0]",invvar,0.16842153043861607,0.27382166848352024,0.552614214619998,-0.3651446484642912,0.1470027262343037,0.46124606001198626,0.09142487875533312,-0.3651446484642912,0.16931638796643245,0.24648676446027395,-0.35624984868842446,0.12124415003701927,1.6231572086028143,2.6396344470210455,0.022432566863246794,0.002248347348891011,-0.0036573311644243767,-0.0037119234447579585,-0.03475148480914242,-0.0006886149792839635,0.010592830144371373,1.282714256519878,-0.03475148480914242
"invvar 1.4@0.2 hl20 [1.0,2.5]",invvar,0.16719820937433294,0.30119461160035166,0.5253783791180421,-0.3821459138938501,0.1663469878916558,0.43752452478342113,0.07786529677319942,-0.3651446484642912,0.18613706124482893,0.25878676037084536,-0.3821459138938501,0.14306632745124326,1.8423836941348846,4.316193551666256,0.017148802516526396,-0.00763640798390805,-0.012922585042169754,-0.018275834729787915,-0.05146517715084803,-0.014248196961417658,0.009640671124104855,1.4213154336071696,-0.05146517715084803
"invvar 1.4@0.2 hl40 [0.5,2.0]",invvar,0.1439378847355024,0.2492973374517004,0.4963327822610913,-0.33416876892284875,0.13666909293021048,0.43073410241019283,0.07222995072641014,-0.33416876892284875,0.14558009458928625,0.21639831146456023,-0.3178660045850107,0.126838684536957,1.5134361663153666,1.5968933327299686,0.006279043964815267,-0.017279217347094228,-0.020248745028544374,-0.02084610713054906,-0.07256313779890089,-0.017038140067731744,0.00024376292053779336,1.2087559991142498,-0.07256313779890089
"invvar 1.4@0.2 hl40 [0.5,2.5]",invvar,0.14551783741026392,0.2753295819758573,0.47953933327737547,-0.3842402849883092,0.15603045992533057,0.37871572319568575,0.06128818554316595,-0.3842402849883092,0.16283294810863796,0.23160139340957087,-0.34699241569163675,0.14792371923262304,1.701934598463143,2.342841662839917,-0.004986453586423162,-0.024810346789559762,-0.027027020402976054,-0.03336541055320073,-0.08466841480057657,-0.03199092299015781,0.00045876166581623745,1.347382793659212,-0.08466841480057657
"invvar 1.4@0.2 hl40 [1.0,2.0]",invvar,0.1610633499799703,0.27217551345047836,0.5311047912765828,-0.36732954814944807,0.15121785393810666,0.4384709882212951,0.07988785479949922,-0.3651446484642912,0.17552768744581046,0.2437115248245505,-0.36732954814944807,0.1229853193317818,1.5797658771814125,1.445792811648141,0.014549159083162677,-0.00706927075501565,-0.010506794106649842,-0.01566826125877338,-0.039944993693291075,-0.012225638935117855,0.002139805885324947,1.3129027655325607,-0.039944993693291075
"invvar 1.4@0.2 hl40 [1.0,2.5]",invvar,0.1627735541639319,0.2961352664325669,0.5163934594226994,-0.3893845702450388,0.16794921217960926,0.4180277458387704,0.06906924508625156,-0.3842402849883091,0.18935800780207926,0.2592559793421638,-0.3893845702450388,0.14353247200335184,1.767836827326656,2.1905466679693335,0.011151956986237055,-0.012742815344716274,-0.015925064513661935,-0.027223271826555526,-0.05158276508454562,-0.024209863447072197,0.006417964417331112,1.4328084486464634,-0.05158276508454562
"invvar 1.6@0.2 hl20 [0.5,2.0]",invvar,0.17024131402698317,0.26100625644524605,0.5727269676310239,-0.3238334120455877,0.13536141096711063,0.5257064518191762,0.09944627735047895,-0.3238334120455877,0.1425214782759417,0.24161693409554674,-0.3234967841353542,0.12733709771292376,1.6316882092480955,2.5921738256447515,0.03538250789277744,0.009661261146087785,0.0022066455312945155,0.00670472999723859,-0.04802471692380961,0.01120222311616613,0.022560493810835802,1.1993997833378098,-0.04802471692380961
"invvar 1.6@0.2 hl20 [0.5,2.5]",invvar,0.16767954085838355,0.2961168912077555,0.530859531744331,-0.37972251630594867,0.15923707040118834,0.4415844034997424,0.08450164355440393,-0.378872244625827,0.1654036142449784,0.2524835309434379,-0.37972251630594867,0.15134909217523615,1.8883136189066931,4.411808994056546,0.018186208395613412,-0.004067230751897882,-0.011013805146024819,-0.010353670173051735,-0.06784431861507884,-0.008475703557608585,0.00457492389619335,1.370354171735303,-0.06784431861507884
"invvar 1.6@0.2 hl20 [1.0,2.0]",invvar,0.1791622466656424,0.28511142077108137,0.5739983354125006,-0.3832652276732361,0.15345176534517044,0.46746282660004934,0.09727648540535605,-0.3651446484642912,0.17718052904511347,0.2624925015521411,-0.3832652276732361,0.12602461268204804,1.68591493968201,2.315372089083177,0.028869731943131194,0.010010491124679388,0.003665549695661352,0.0016220907490078207,-0.025357955603095894,0.00516299167073897,0.012774846630599301,1.3289076760431002,-0.025357955603095894
"invvar 1.6@0.2 hl20 [1.0,2.5]",invvar,0.176623505241583,0.3176303796969777,0.5396866443874253,-0.40632216340432015,0.1744099285290976,0.43468833637270665,0.08233747419097037,-0.3788722446258277,0.19592114087781035,0.27365822695987085,-0.40632216340432004,0.14936112131363097,1.943033935484239,4.137000423307132,0.021384795224265785,-0.0015783136546697885,-0.0079266439130872,-0.014209317280433106,-0.04435977153832871,-0.010639872921042182,0.012208018419669175,1.4791654163749275,-0.04435977153832871
"invvar 1.6@0.2 hl40 [0.5,2.0]",invvar,0.14980352250958395,0.2658244915940303,0.5008331764204562,-0.3457475853237416,0.1465397697903488,0.43327424071325055,0.07600073819895026,-0.3457475853237416,0.15578874569334128,0.2244973557444696,-0.3397747469417355,0.13635784307965637,1.6088943111818643,1.5601311124951343,0.009021685043189093,-0.01615146494527589,-0.019772649836638262,-0.018058550689867336,-0.07716752018086537,-0.014363244467127556,-0.0029360042750033177,1.2793994791030547,-0.07716752018086537
"invvar 1.6@0.2 hl40 [0.5,2.5]",invvar,0.14971782047529536,0.2945262062362258,0.4794294367132814,-0.3953040226641191,0.1659137768447315,0.37874094846362644,0.06598987592915151,-0.3953040226641191,0.1730225621944964,0.2352252704090665,-0.36445201950495576,0.15770128462593944,1.8171092843931504,2.2204794696817736,-0.003189444282238302,-0.02493246403701302,-0.028519086923217446,-0.02941355178957314,-0.09231027612486675,-0.02786224214182298,-0.004873478242394924,1.4182079404085433,-0.09231027612486675
"invvar 1.6@0.2 hl40 [1.0,2.0]",invvar,0.16502341214216387,0.28690797249771705,0.5301704896948787,-0.37546501703478696,0.1601047335801732,0.43951741082412055,0.07883794088642726,-0.3651446484642912,0.1856076798256384,0.25314730114610695,-0.3754650170347871,0.13053712340014295,1.664513024458486,1.472224044772322,0.016553538538127244,-0.007105667789507664,-0.011008724462870711,-0.017278309538382997,-0.040819074997897886,-0.01327555284818982,0.007412740812753782,1.3765698143638478,-0.040819074997897886
"invvar 1.6@0.2 hl40 [1.0,2.5]",invvar,0.16485016913632777,0.31378793191412707,0.5103418813443816,-0.40353208352758496,0.176796623890839,0.4085181225127018,0.06926573498261068,-0.3953040226641187,0.1999804773771387,0.2634219546355301,-0.40353208352758496,0.15032206050466002,1.8735001761422576,2.122483823033022,0.010196566688037534,-0.01432984195582404,-0.018683726961263053,-0.02742107367295797,-0.05571257250610573,-0.024586383088363778,0.0033881088525773984,1.496293321797129,-0.05571257250610573
volgate 1.5/1.0 cut0.18,volgate,0.1488509812769263,0.2295895604464703,0.5366020097494072,-0.3651446484642912,0.12113449822355972,0.40764935732443847,0.08232489343651483,-0.3651446484642912,0.14853467366822304,0.21574309988395624,-0.3105211833828099,0.08658707177874243,1.2866786678667868,2.546210995542348,0.002862017701557029,-0.004482744946228245,-0.008514493255874889,-0.011041310785600222,-0.01320267784042417,-0.009788600298102246,0.0033743991253259997,1.0975998785562733,-0.01320267784042417
volgate 1.5/1.0 cut0.22,volgate,0.1666088589321557,0.2438450253904257,0.5820779728013025,-0.3651446484642912,0.13297496190711275,0.45628180402717583,0.10040972063096176,-0.3651446484642912,0.1576272654360475,0.23309239073398902,-0.33659433086533086,0.10381340820303685,1.3754275427542755,1.3667161961367014,0.020619895356786433,0.0072253615663939175,0.004278358900895701,0.006195319002632468,-0.022827910984470956,0.008296226896344683,0.007293899939986526,1.1823207882923534,-0.022827910984470956
volgate 1.5/1.0 cut0.26,volgate,0.1750407309831452,0.25624173098183906,0.5941815509873423,-0.3651446484642912,0.13652299573780702,0.4793736721031613,0.10025687400835603,-0.3651446484642912,0.16648388485924623,0.25068468634721364,-0.32018940078020364,0.09958360211466304,1.426192619261926,1.7037147102526002,0.02905176740777593,0.013894658942359112,0.008557401350396232,0.005323844638011069,0.0012426681966553887,0.008143380273738954,0.03333274689685281,1.2077107199687,0.0012426681966553887
volgate 1.5/1.0 cut0.3,volgate,0.17264444494752285,0.2646297241764579,0.5759232428890995,-0.36514464846429084,0.14402621746336733,0.4728111056087586,0.10620128067173806,-0.36514464846429084,0.16761312491815938,0.23936726666440244,-0.3403728782150358,0.1168782111851333,1.4583258325832584,0.8424962852897474,0.02665548137215365,0.007874117848759354,0.003450515999102538,0.011187012752463144,-0.035713107235492536,0.01408778693712101,0.01162651772250331,1.2614023940677865,-0.035713107235492536
volgate 1.5/1.2 cut0.18,volgate,0.16199043727575213,0.2559902468011139,0.5507358464494441,-0.43222975063925184,0.1425203032072302,0.37477854552162193,0.08922560301907789,-0.43222975063925184,0.17949129623233354,0.23551394275146764,-0.3510655142994228,0.09438241605493983,1.372007200720072,1.7074591381872217,0.001368333176063885,-0.002070138567874996,-0.004409719696584463,-0.0065661907441992295,-0.005835014763538093,-0.006199340520484986,0.0022794535219627376,1.2506200178138298,-0.0065661907441992295
volgate 1.5/1.2 cut0.22,volgate,0.17254180285703002,0.26439404753030743,0.5757549590663679,-0.43222975063925184,0.1493947952377404,0.39919002012667354,0.09996441787151755,-0.43222975063925184,0.1847018962399009,0.24582083559594858,-0.36597324023063516,0.10496542036352383,1.425256525652565,0.9997622585438337,0.011919698757341779,0.005241215620194362,0.0034232742255937143,0.0038907395344143225,-0.01184868475250106,0.004539474331954674,0.004943393417197517,1.2998415185239196,-0.01184868475250106
volgate 1.5/1.2 cut0.26,volgate,0.17744269483226227,0.27188526729105145,0.5826599230829302,-0.43222975063925184,0.1515418438987878,0.4105286472526037,0.09972164593093469,-0.43222975063925184,0.1894886240427237,0.25625144492026397,-0.3566572510630248,0.10284615724578158,1.4557155715571557,1.201961367013373,0.016820590732574026,0.009162266335216829,0.005962246614142047,0.0034229900174432837,0.0018071676277507387,0.004296702391371809,0.020148522494794957,1.3152239991815846,0.0018071676277507387
volgate 1.5/1.2 cut0.3,volgate,0.1758768654389129,0.27704274062543605,0.5721426958518829,-0.4322297506392522,0.15536934388891638,0.4069059688251384,0.1032090984798435,-0.4322297506392522,0.18968643531172902,0.24923963778085878,-0.35558235606046906,0.11311515404350213,1.4749954995499548,0.6852303120356613,0.015254761339224598,0.005850289602504555,0.002802583728193947,0.006901145380107915,-0.020440556578832425,0.007784154940280605,0.013688111931776659,1.342646212357718,-0.020440556578832425
volgate 1.7/1.0 cut0.18,volgate,0.14914211600348914,0.24375728254264042,0.5203223985344476,-0.3651446484642912,0.12865603057141925,0.408446670739238,0.07774540154244924,-0.3651446484642912,0.15461188987393532,0.2212465017992269,-0.3203105880393978,0.09628445684880858,1.401350135013501,3.444873699851412,0.0031531524281198653,-0.008075887367101492,-0.013158426929554046,-0.016209240121122126,-0.02308407283868527,-0.014368092192167836,0.0038321069990538137,1.151411682323822,-0.02308407283868527
volgate 1.7/1.0 cut0.22,volgate,0.17363664295121306,0.26386057355443054,0.5801024777926103,-0.3651446484642912,0.14494384357675275,0.47552837945588466,0.10270162821720397,-0.3651446484642912,0.16735683578488608,0.24514925670715093,-0.3561899844144176,0.1192320873967919,1.5255985598559854,1.7935809806835064,0.02764767937584378,0.008433830215855753,0.0046887892998430936,0.00770579796946691,-0.033256009603384096,0.010588134482586886,0.009286031395994626,1.2679726154297633,-0.033256009603384096
volgate 1.7/1.0 cut0.26,volgate,0.18511391768540664,0.2810615848378235,0.5959921978352724,-0.3651446484642912,0.14968696465077258,0.5069605113040828,0.10213281778934791,-0.3651446484642912,0.18014337547030354,0.2696097190600524,-0.3338989700637093,0.11279886829852993,1.5966696669666964,2.265378900445765,0.03912495411003736,0.01767970537963867,0.010824223353858381,0.006302251143437063,0.000383518528583926,0.010019324054730827,0.04519855346302401,1.3019346734373012,0.000383518528583926
volgate 1.7/1.0 cut0.3,volgate,0.18143925030077823,0.2925778478353503,0.5732622342519497,-0.3906949975035744,0.16070608464376826,0.46440126303157564,0.11030563151054995,-0.36514464846429084,0.18193567931739596,0.2531349143850634,-0.3906949975035744,0.13701145963031297,1.6416561656165616,1.059673105497771,0.029533036620954606,0.009045204053539202,0.003761413999432639,0.014368493787596942,-0.04938705814608951,0.0181921377759329,-0.00037040510320146547,1.3808776879674916,-0.04938705814608951
volgate 1.7/1.2 cut0.18,volgate,0.16228495354567762,0.2687686509608326,0.5380729033987945,-0.43222975063925184,0.14869241454158993,0.3754599337636157,0.08461696485903714,-0.43222975063925184,0.18453662523970984,0.24110689458290424,-0.36027925330066024,0.10272683715696951,1.4866786678667863,2.606121842496285,0.0016628494459893783,-0.004684595201652597,-0.008232354939355535,-0.011448945693767129,-0.013155300320057794,-0.010807978680525743,0.0031459677674722797,1.2948124586630767,-0.013155300320057794
volgate 1.7/1.2 cut0.22,volgate,0.179605351911853,0.282958246810929,0.577313404137112,-0.43222975063925184,0.15999436305109077,0.4155321368929911,0.10225541919942716,-0.43222975063925184,0.19322565914692502,0.25800218464482305,-0.38470109442206357,0.11961977746619046,1.575427542754275,1.4266270430906387,0.01898324781216476,0.007524903260989979,0.004750381346037169,0.005801601976891599,-0.020950700849354353,0.006830475659864277,0.007551319641950438,1.3757791575950515,-0.020950700849354353
volgate 1.7/1.2 cut0.26,volgate,0.18753650471293337,0.2953925123396929,0.5879401711109764,-0.43222975063925184,0.1634166678530536,0.4338815281353813,0.10159670936185305,-0.43222975063925184,0.20153786820739744,0.2752607440232204,-0.36963137607999097,0.11555202488103104,1.6261926192619258,1.763625557206538,0.026914400613245126,0.013948748984939002,0.009051015378196525,0.004866615797718021,0.0020826862978838845,0.006171765822290176,0.03251074866414938,1.4002957720486642,0.0020826862978838845
volgate 1.7/1.2 cut0.3,volgate,0.18469592452204453,0.3038500303867782,0.5720763440073713,-0.4322297506392515,0.17034412495166895,0.4273096061733053,0.10730235591396675,-0.4322297506392515,0.20216599901754903,0.2631169667348692,-0.3815617897416629,0.1327281427822537,1.658325832583258,0.9024071322436851,0.02407382042235634,0.008160511085111566,0.003842876563426384,0.010558494303186686,-0.03378170038041717,0.011877412374403887,0.014269154272852774,1.4499875469250423,-0.03378170038041717
volgate 2.0/1.0 cut0.18,volgate,0.14865878924338927,0.26655100195242276,0.49627833242740915,-0.3651446484642912,0.1424117462098616,0.4071230123968999,0.0701777824881813,-0.3651446484642912,0.16552084671672065,0.22843073768279898,-0.33484565720410664,0.11368092578907787,1.5733573357335733,4.792867756315007,0.0026698256680199872,-0.015350296010455622,-0.021149816448307407,-0.02468596504908889,-0.042061560556871935,-0.021935711246435785,0.003532304139032466,1.2498428647452111,-0.042061560556871935
volgate 2.0/1.0 cut0.22,volgate,0.18282281003009926,0.29537778716693636,0.5747210402039629,-0.3847854555354846,0.1640519679907673,0.47512921135668934,0.1050247725305613,-0.3651446484642912,0.18306534910177946,0.2616902898193685,-0.3847854555354846,0.14289663868096555,1.750855085508551,2.433878157503715,0.03220011144291832,0.008964731827095146,0.004341546005492858,0.009028012377224948,-0.048348034689682795,0.012911278795944225,0.01119634671131442,1.4048528831173868,-0.048348034689682795
volgate 2.0/1.0 cut0.26,volgate,0.19847931440269462,0.3195707873245731,0.5957831221567831,-0.3958965926984539,0.17039962461597902,0.5013413049348271,0.10344785701338388,-0.3958965926984539,0.20178847309930525,0.296194380010814,-0.3742536841875762,0.13311498150649353,1.8523852385238524,3.1078751857355127,0.04544334718621856,0.021921127137809193,0.013428660560243694,0.006712270421705066,-0.0012180303607498555,0.009565048746080704,0.05107837391039885,1.4503858296546253,-0.0012180303607498555
volgate 2.0/1.0 cut0.3,volgate,0.1925399666193086,0.3355768470474739,0.5682747114551935,-0.46044310636224695,0.18675344435447927,0.4181623396221087,0.11478501597629087,-0.4151876617164849,0.20462425862105235,0.27131679258538766,-0.46044310636224695,0.1673522907748711,1.9166516651665166,1.3854383358098068,0.026205103508044614,0.009458783722697678,0.0035200693324963506,0.017987271587688716,-0.06650811181559901,0.02002202542607913,-0.01733490571483398,1.5679569173390493,-0.06650811181559901
volgate 2.0/1.2 cut0.18,volgate,0.16179617665771184,0.2895987251402883,0.5181935599374363,-0.43222975063925184,0.15957747936874453,0.3743291071899176,0.07700117276311724,-0.43222975063925184,0.19323707901690035,0.24840804130340155,-0.3739595883893987,0.11711576322875719,1.6586858685868586,3.9541158989598815,0.0011740725580235978,-0.010100585391399575,-0.015026816205703813,-0.019453038360746217,-0.027007879123139622,-0.018423770776445636,0.003442489152881978,1.3727927452983262,-0.027007879123139622
volgate 2.0/1.2 cut0.22,volgate,0.18883827340888648,0.312553573193538,0.5760590697480168,-0.43222975063925184,0.17728238631180174,0.43689327985776466,0.10457765533747199,-0.43222975063925184,0.20717467851817825,0.27471400280158464,-0.41203020701267934,0.14245146995561714,1.8006840684068406,2.066924219910847,0.028216169309198236,0.009459171550119161,0.005630841298374378,0.007724008102614671,-0.03476392025956815,0.009152711797909108,0.010369757732092255,1.4997793522881921,-0.03476392025956815
volgate 2.0/1.2 cut0.26,volgate,0.2009292713256059,0.33224334656227167,0.5916073420804346,-0.43222975063925184,0.1824690870426416,0.46486682378628247,0.1029111573084931,-0.43222975063925184,0.2210126926642884,0.3019637816297369,-0.3889857083610766,0.13530146053367537,1.881908190819082,2.606121842496285,0.04030716722591765,0.01950161723456509,0.012714957861944376,0.00592094651535871,0.001684173094649466,0.007486213768930217,0.04932887783038903,1.5370951461296651,0.001684173094649466
volgate 2.0/1.2 cut0.3,volgate,0.19582725644625265,0.345447175227777,0.5697005275937137,-0.4523553584777612,0.1944941542613179,0.4329057958000954,0.1117696368904888,-0.43222975063925206,0.22251404663430735,0.2814436953315145,-0.4523553584777612,0.1628100999351847,1.933321332133213,1.2281723625557206,0.031115139676888226,0.009858076897691609,0.004503848164327334,0.014784334570325422,-0.05161459960851367,0.016344693350925907,-0.0031807069637421748,1.6238448331021276,-0.05161459960851367
smadist near1.6 far1.1,sma-dist,0.18682662342254552,0.2828376142280111,0.5986216648762015,-0.4105077169743405,0.1335310873960135,0.4551111116730199,0.11137113966252343,-0.4105077169743405,0.15958679136570525,0.2631446821628052,-0.39146417009254864,0.10243891265485153,1.3977624494988778,1.561325354492101,0.030710161088956828,0.027164287077144605,0.012007605880077432,0.016991416211407484,0.009321859890872308,0.016817981337087312,0.009247679446534929,1.186300787123586,0.009321859890872308
smadist near1.8 far1.0,sma-dist,0.19920339142836085,0.3032231449685011,0.6122642504183468,-0.4160591553620059,0.1398647158059773,0.47878622273084565,0.11663212781514298,-0.4160591553620059,0.1641949765493073,0.2831794895265247,-0.41480895410907415,0.11154821312632764,1.471517225287185,3.170644749107188,0.041924996481332355,0.03643263028673446,0.018523212273104467,0.021863764574258676,0.015782689143245154,0.02183470788024168,0.01742953427577526,1.2316196687996734,0.015782689143245154
smadist near1.5 far1.2,sma-dist,0.17816033994826297,0.27408095078952843,0.5821834911824193,-0.4423233301696301,0.14468845842277936,0.40278304985617386,0.1013992843379794,-0.4423233301696301,0.1799425872276013,0.25592633576185353,-0.3828168302884942,0.09995441366896228,1.3801351944805103,0.7858616375111321,0.015481582518251935,0.01307789258751918,0.00600135135346494,0.005580656638311893,0.005910956861843841,0.005645446360886847,0.006437650195026318,1.266144052609142,0.005580656638311893
smadist near1.1 far1.6,sma-dist,0.15162853804478438,0.25876602455287223,0.5130885212276819,-0.5481423923900307,0.18794708827905873,0.27662253485567506,0.07956681283776645,-0.5481423923900307,0.2517377876070296,0.22443804116741028,-0.35876663165589795,0.09292095458672196,1.3022375505011226,1.4614116567169848,-0.03141033858228262,-0.031905651748513425,-0.015689410327965947,-0.01676107172221923,-0.014619946273687012,-0.017166824216709287,-0.01274694530565565,1.576562676594029,-0.031905651748513425
smadist near2.0 far1.2,sma-dist,0.20971735061241703,0.3424431630042824,0.604687465751709,-0.4615864486114677,0.1616543804594743,0.4543403543221065,0.11581481592922649,-0.45958664867362675,0.19114929242316805,0.3061014107529667,-0.4615864486114677,0.12694738371485895,1.6715172252871848,3.2305555960611256,0.04315308439920654,0.036905467824150634,0.019085251144510262,0.01943810812667708,0.01699161594962323,0.019567131623726502,0.016881603852260507,1.3876709552621456,0.01699161594962323
smadist near1.7 far1.3,sma-dist,0.19324925478198707,0.30946541316280346,0.5901045932656127,-0.47716377178366487,0.15913165170618154,0.4049956560189189,0.10894763870514823,-0.47716377178366487,0.1966437270195472,0.2791462747271187,-0.42034765370793314,0.11199387879909874,1.5387027012799817,1.212243328223358,0.023597757864803337,0.021548932583536545,0.010858581219500285,0.012375923338694542,0.01109741142776055,0.012319057348823423,0.010594406906800746,1.3695989882143236,0.010858581219500285
oversold b1.2+0.3 rsi2<5 3d,oversold,0.17039552317295925,0.2523848485161616,0.58307193137062,-0.42948349301801003,0.13386158066665374,0.3967452205801396,0.1093785621998995,-0.42948349301801003,0.17134900611305703,0.2313842574332743,-0.34962946629223324,0.08387257985882988,1.2313231323132312,3.684517087667163,0.010341282320496609,0.010567478892564958,0.00518776950146263,0.0140955316159877,0.006831457614188852,0.01406019120465328,-0.0011135719803334054,1.1886660137803942,0.00518776950146263
oversold b1.2+0.3 rsi2<5 5d,oversold,0.1752659327732673,0.2573370078731909,0.5927783184629144,-0.42869730028179553,0.12862843151575734,0.4088337683910297,0.11496640580210116,-0.42869730028179553,0.16156091582054166,0.23548642535874298,-0.3481836342174074,0.08627512860139652,1.247038703870387,3.5497176820208027,0.015374258592146306,0.018061767453032868,0.008420365274584729,0.020420128875809587,0.0070431017790087425,0.01967854416605473,0.003731607970538814,1.1512141653758134,0.0070431017790087425
oversold b1.2+0.3 rsi2<5 10d,oversold,0.17662422708696512,0.267525379247367,0.5846856393388167,-0.4788353134140326,0.14299240050082707,0.3688621581137316,0.11483026558747511,-0.4788353134140326,0.18188957442334897,0.2384140064698359,-0.38526582775286244,0.09171971859127466,1.2840324032403239,3.1902526002971774,0.006642739798830732,0.01234114744186901,0.006503887678326881,0.018895869279279137,0.0012624246679425188,0.0181690805907299,-0.01232523360108767,1.2540002438972813,0.0012624246679425188
oversold b1.2+0.3 rsi2<10 3d,oversold,0.16331677605897044,0.26000185905065415,0.5504078068137518,-0.47328907732297587,0.15185664601433382,0.34506770573013223,0.09472936253792597,-0.47328907732297587,0.19698500734771954,0.23235663349122415,-0.36172298319766993,0.08989802811930739,1.2597839783978395,6.200772659732542,-0.005569791143527181,-0.005107268604738424,-0.0043965543526647555,-0.0018541244839619525,-0.0018988572926206815,-0.001823642390842331,-0.0063448937740617495,1.3174794062993023,-0.005569791143527181
oversold b1.2+0.3 rsi2<10 5d,oversold,0.16745014253791402,0.2681450993570119,0.5549485779094204,-0.4887210833230776,0.15418233633653014,0.34262925879794337,0.10050020353284506,-0.4887210833230776,0.19854106832742646,0.23472953339647917,-0.3835950162228495,0.09423131711048034,1.2872727272727271,5.706508172362556,-0.004458567566036742,-0.0020349074762217034,-0.002868464681607591,0.0038630438782981114,-0.006382563162912053,0.0036963839724755143,-0.015156524539814142,1.3341418689933378,-0.006382563162912053
oversold b1.2+0.3 rsi2<10 10d,oversold,0.179484960227281,0.27843051181651884,0.5813898765787444,-0.4839276050640181,0.15468034018080656,0.3708921713683541,0.10744657160062943,-0.4839276050640181,0.19894263171406,0.252157823249624,-0.39747067270320435,0.09502810034996305,1.3446804680468045,4.49331352154532,0.00850651299435809,0.009772715414995442,0.005981810336155774,0.010795560969532603,0.009796698510740193,0.01070322760878481,-0.0047978510382656325,1.3377098291802751,0.005981810336155774
oversold b1.2+0.3 rsi2<20 3d,oversold,0.16409895636290517,0.27203377587178124,0.5404436691490639,-0.506091952090632,0.1657344593051131,0.3242473145147307,0.08684830288030843,-0.506091952090632,0.2160379667802304,0.24245953149058996,-0.3820254585772852,0.09587258952570214,1.3097389738973897,9.18882615156018,-0.011150196012040314,-0.010475027896586109,-0.007427386023649701,-0.010121579810925402,-0.0012254047010289426,-0.010111737579786617,-0.006625048530083832,1.416921666573389,-0.011150196012040314
oversold b1.2+0.3 rsi2<20 5d,oversold,0.18063694011501497,0.2791526299515576,0.5841180789434263,-0.49157197636794536,0.15738197780436358,0.3674679371466181,0.1072247703758824,-0.49157197636794536,0.20083622186050673,0.2547805836271133,-0.3911130249649104,0.09961652808831638,1.3503510351035102,7.7734323922734045,0.008174961631490452,0.009707556350493057,0.006916185765812766,0.010510056250991828,0.005287654277291137,0.010384983326275535,0.001062393389424876,1.3570649220540927,0.005287654277291137
oversold b1.2+0.3 rsi2<20 10d,oversold,0.18291812058463575,0.28966716167494605,0.5799720126788974,-0.5265443974700503,0.17214160441712312,0.3473935369239971,0.10291601003843986,-0.5265443974700503,0.22293909516756788,0.26417734575874574,-0.4048194464301912,0.1025097026822656,1.4212061206120612,4.482080237741457,0.003820847868679672,0.005645979174530191,0.006075490221004398,0.005932097356748517,0.010246497944121136,0.005945649154186133,0.003489980022647776,1.4628869916209402,0.003820847868679672
oversold b1.2+0.6 rsi2<5 3d,oversold,0.17942188496882627,0.26801192358648257,0.5924509201335033,-0.42863462244327377,0.13407406266503671,0.41858934293757677,0.12260389703108876,-0.42863462244327377,0.17137861612517497,0.23598350278334568,-0.3623330265317086,0.08457379250624952,1.2626462646264622,7.009569093610697,0.019543171130768783,0.019487303108689125,0.00914588483607598,0.027318736276183406,0.010285537258334393,0.027318467700253563,-0.003030560335775978,1.190186674354492,0.00914588483607598
oversold b1.2+0.6 rsi2<5 5d,oversold,0.18894122844261285,0.2782813192819506,0.6092923391446742,-0.43218104555506043,0.12484903776246634,0.43718073799361357,0.13355291176834827,-0.43218104555506043,0.15346048541276552,0.24399016615121671,-0.35964192467896605,0.08951921369032939,1.2940774077407737,6.7399702823179775,0.0283291954400611,0.033685266611601566,0.015484184084764013,0.03970975692247071,0.01033690778948343,0.03812985830082499,0.006356174356600713,1.1241751879504316,0.01033690778948343
oversold b1.2+0.6 rsi2<5 10d,oversold,0.19095401950416613,0.2988690477983719,0.593249303273,-0.5290748407295691,0.15348690831027492,0.3609206199275127,0.13248316118921477,-0.5290748407295691,0.19420952759362933,0.249215979650794,-0.43157870856413916,0.10036030661818453,1.3680648064806478,6.021040118870727,0.011387311786130477,0.021786231358324554,0.011474518408370438,0.03599540775825716,-0.001427003979610153,0.03552508452616733,-0.024998055695650945,1.3291594586383249,-0.001427003979610153
oversold b1.2+0.6 rsi2<10 3d,oversold,0.1646514359144886,0.28373275700378825,0.5310678225145428,-0.5145232433329224,0.169922308616817,0.320007770393282,0.09262288366341775,-0.5145232433329224,0.2221921659562918,0.23737241246598773,-0.3867991375787784,0.09693915461992043,1.3195679567956793,12.042080237741455,-0.012198486498016109,-0.011704493167148805,-0.010434367668190225,-0.004363471001921693,-0.00798067593065288,-0.0043708480172341135,-0.014149031084581709,1.4469617898467588,-0.012198486498016109
oversold b1.2+0.6 rsi2<10 5d,oversold,0.1723757856087733,0.3001040826299917,0.5400824514388829,-0.5436051276512853,0.174842896829398,0.31709742392155993,0.1036312247008786,-0.5436051276512853,0.22564510847523042,0.2415508092520655,-0.4295635488751054,0.10595861401341154,1.3745454545454545,11.053551263001484,-0.009850148115316593,-0.006003486270886843,-0.007444286486486706,0.006656158962309991,-0.017597000696368437,0.006817416509758992,-0.03164772756072781,1.4822725745892653,-0.017597000696368437
oversold b1.2+0.6 rsi2<10 10d,oversold,0.19592510971662525,0.32023813187027217,0.5877530145490548,-0.5362731389493414,0.1763404660746638,0.36534574545441323,0.1168864136186949,-0.5362731389493414,0.22722541388763928,0.27607677115842044,-0.4552530348757263,0.10758462911425018,1.4893609360936093,8.627161961367014,0.015040032091687777,0.016932055880532842,0.01070554118054079,0.019916514474119212,0.014508767309976245,0.0199978122247379,-0.009994847204727209,1.4930197460998327,0.01070554118054079
oversold b1.2+0.6 rsi2<20 3d,oversold,0.16536056974931945,0.3077828505002269,0.5149893122534597,-0.5745552404311789,0.19786372348807466,0.28780621620511804,0.07622283300898003,-0.5745552404311789,0.2604921918878098,0.2567445080183852,-0.4266733752192129,0.10890060151432099,1.4194779477947792,18.01818722139673,-0.022330287092598017,-0.021836582673466692,-0.016576985659986443,-0.019669706063493192,-0.00677851555450204,-0.019883553603288237,-0.014997584858213342,1.6482201200207531,-0.022330287092598017
oversold b1.2+0.6 rsi2<20 5d,oversold,0.1982054899964225,0.3216337427173865,0.5925473197844872,-0.5498451723582307,0.18124685696652526,0.360475093645615,0.11639655441156993,-0.5498451723582307,0.2303695213674122,0.28135595247292255,-0.4434782521601697,0.11647947744538438,1.5007020702070206,15.187399702823177,0.014861525839712592,0.01726046241615306,0.012632671883052615,0.019466782946670466,0.006846637342283801,0.01969300460422775,0.0011675447905931113,1.5283016621199956,0.006846637342283801
oversold b1.2+0.6 rsi2<20 10d,oversold,0.2020289025673747,0.34166796533733046,0.5867240385684379,-0.6107044939824582,0.20896751401756042,0.33081286376317015,0.10692036922599724,-0.6107044939824582,0.27178545239600777,0.29980563900409596,-0.46854109241516995,0.12206831080896337,1.6424122412241224,8.604695393759286,0.008335638894646558,0.011028944852809669,0.011575198172423778,0.011739357716576693,0.017422732143630937,0.012391303036060203,0.007134986561154966,1.7285618231517974,0.008335638894646558
oversold b1.3+0.3 rsi2<5 3d,oversold,0.17686446685053414,0.27220246586082186,0.5799640711640713,-0.46331969260159134,0.14809342030528103,0.3817331092866366,0.1100640540779616,-0.46331969260159134,0.18999738585350268,0.24395299338106358,-0.3741547665517002,0.09192629750665494,1.3313231323132317,3.7144725111441317,0.009952438147102144,0.01017722960221995,0.005285993558598406,0.013741486213788484,0.006472996104336548,0.013718728744114492,-0.001112467986499166,1.2905236479266664,0.005285993558598406
oversold b1.3+0.3 rsi2<5 5d,oversold,0.18165650105108533,0.27713782435780726,0.589067514350908,-0.4584773283233802,0.14310454665586636,0.39621697699947467,0.11552738339483981,-0.4584773283233802,0.18059446349972466,0.24801614262458993,-0.37281162174526106,0.0944354074918968,1.3470387038703873,3.579673105497772,0.015716056654044214,0.017320565890495243,0.00855283525489875,0.01966999488096599,0.006584116346649349,0.01930871433316085,0.0036382199878183807,1.2548032126148827,0.006584116346649349
oversold b1.3+0.3 rsi2<5 10d,oversold,0.18277913711038463,0.2873135280834355,0.5816908243842646,-0.5065561654638975,0.15730812293478083,0.3608269913031221,0.11513173127948839,-0.5065561654638975,0.2007150742394725,0.25074864501387606,-0.40888475161278304,0.09971312521489024,1.3840324032403242,3.220208023774146,0.007441513049928683,0.01188229515690245,0.0066261297663718355,0.01841967259844865,0.001106354080669808,0.018169150492204217,-0.012002441874253034,1.356535850996541,0.001106354080669808
oversold b1.3+0.3 rsi2<10 3d,oversold,0.16956477368089784,0.27979647121577994,0.5497429208681436,-0.5050356153446753,0.16584614926450805,0.3357481502867352,0.09523042791632985,-0.5050356153446753,0.21525267164193038,0.24474729554596664,-0.38611229207215914,0.09790165326076325,1.35978397839784,6.230728083209511,-0.005483057711577921,-0.0050567350547662815,-0.00434786945527138,-0.0017321124400205973,-0.002094039200231601,-0.0017238319240950872,-0.006424182525385569,1.417722836792013,-0.005483057711577921
oversold b1.3+0.3 rsi2<10 5d,oversold,0.17353179007782105,0.28793307920477684,0.5540031327228039,-0.5199066872677347,0.16823686857739997,0.3337748760066591,0.10082334325083697,-0.5199066872677347,0.21688714171430337,0.246947683696213,-0.40764345405222313,0.10229886243851649,1.3872727272727274,5.736463595839525,-0.004324565179858408,-0.00210697825429193,-0.0028058666817302458,0.003845520962836968,-0.006661422023030994,0.0038400777343059606,-0.015173267958118242,1.43487185470691,-0.006661422023030994
oversold b1.3+0.3 rsi2<10 10d,oversold,0.18538279127179735,0.29823446986675706,0.5786929430505778,-0.5158465031363548,0.16886033019445362,0.359375880508382,0.1075334024368455,-0.5158465031363548,0.21748716456165115,0.26429420774362233,-0.4210812610058736,0.10310375779681391,1.4446804680468048,4.523268945022289,0.008285485930260544,0.00947873779744901,0.006081817315727767,0.010549970068675571,0.00945683215266957,0.010542243357384434,-0.004628776702997273,1.4393440461442102,0.006081817315727767
oversold b1.3+0.3 rsi2<20 3d,oversold,0.17006527375555458,0.2918245173035056,0.5404887486845554,-0.5363838314527074,0.17941220720699833,0.3170589115167039,0.0871022982522569,-0.5363838314527074,0.2338872799077782,0.2546209806395563,-0.4061414208217846,0.10371470178491438,1.4097389738973898,9.218781575037148,-0.010840077225793221,-0.010155298888422093,-0.0073963983499332475,-0.009771269017530185,-0.0011486951394267808,-0.009785234779259022,-0.006737475307937668,1.5151020496746799,-0.010840077225793221
oversold b1.3+0.3 rsi2<20 5d,oversold,0.18652189194531488,0.2989584053969008,0.5812420836017763,-0.522993708170876,0.17137895079315163,0.3566427072280824,0.10729788308487254,-0.522993708170876,0.21921480415225458,0.26691847631234134,-0.4148976470541257,0.10746458670929641,1.4503510351035105,7.803387815750373,0.00808841927575496,0.009562325753270984,0.00701774975773653,0.010301794339341558,0.0055291460174587415,0.010320619166539258,0.001123653151148929,1.4574138762201745,0.0055291460174587415
oversold b1.3+0.3 rsi2<20 10d,oversold,0.18854741202824266,0.30951613289442687,0.5773792199100646,-0.5562063196189907,0.18602066970175946,0.33898825917224445,0.10272223895147503,-0.5562063196189907,0.2409568305635723,0.276140122289964,-0.4281708902060746,0.1106648956652913,1.521206120612061,4.512035661218426,0.004063719462857829,0.0057443287931503995,0.006143324078565882,0.00601132454473817,0.010035722454128648,0.006131087347812536,0.003643387346260296,1.5626738659033546,0.004063719462857829
oversold b1.3+0.6 rsi2<5 3d,oversold,0.18566408680104796,0.2876089801573244,0.5893161729885222,-0.4631190118408045,0.1484713971541635,0.4008992981373637,0.12299715416341117,-0.4631190118408045,0.19032096858745837,0.24834841886946957,-0.38651311225220264,0.09259254978116868,1.362646264626463,7.039524517087665,0.01879232319676441,0.01879870558350477,0.009423023684260345,0.026659377818153446,0.0098092256109521,0.02665707781035047,-0.0030273729446620434,1.2932299697396956,0.009423023684260345
oversold b1.3+0.6 rsi2<5 5d,oversold,0.1950216343749509,0.2978304338874168,0.6052548391611215,-0.4623364615178124,0.1394857961102232,0.4218175519506097,0.13369160153621862,-0.4623364615178124,0.17281696001004998,0.2562721712621807,-0.3840183782676937,0.09773778152924274,1.3940774077407743,6.769925705794947,0.028306883661292165,0.03243509773065725,0.01583659639768445,0.038302965024190394,0.009684220256885756,0.03737199347116758,0.006169928001179492,1.228908618372941,0.009684220256885756
oversold b1.3+0.6 rsi2<5 10d,oversold,0.19655012669862804,0.318398488342681,0.5904962077919738,-0.5550978340161401,0.16803659239590357,0.35408195574568413,0.13209244153169575,-0.5550978340161401,0.21338199828416096,0.2610931210845726,-0.45395792263433654,0.10843354148221518,1.4680648064806483,6.050995542347696,0.012265041786923725,0.020996576596220534,0.011796827676092664,0.03514739155517868,-0.001738421173528737,0.035481703556981325,-0.02433166616700655,1.4334352411296118,-0.001738421173528737
oversold b1.3+0.6 rsi2<10 3d,oversold,0.1704479967705952,0.30326697804221797,0.5321711763183538,-0.5447767095047874,0.1837852375215136,0.3128768058486489,0.09265166560293103,-0.5447767095047874,0.24027604590206147,0.24937083529058435,-0.41067833941775556,0.10491516661323105,1.4195679567956796,12.072035661218422,-0.011987849578810189,-0.011499370528032876,-0.010244269714785925,-0.00407883553395566,-0.008223886355289645,-0.004141441338807089,-0.014289528167529486,1.5465643519825067,-0.011987849578810189
oversold b1.3+0.6 rsi2<10 5d,oversold,0.17783072957661616,0.31963444785584755,0.5405849613780789,-0.5727012699262246,0.18878937767067364,0.3105121970473792,0.10329989766152092,-0.5727012699262246,0.24381468417134874,0.2531900977203607,-0.4527201741609015,0.1140370674181847,1.474545454545455,11.083506686478453,-0.009543836320923399,-0.006023122467333275,-0.007236037680121377,0.00667120603474361,-0.017813403139592343,0.007129143534466045,-0.03161650819115552,1.5826352913646482,-0.017813403139592343
oversold b1.3+0.6 rsi2<10 10d,oversold,0.20098972778293955,0.3398372674703802,0.5853695434376492,-0.56662454784235,0.19052882899575943,0.3547141198670063,0.11607074630073799,-0.56662454784235,0.24579389706946234,0.28752111978285444,-0.47755810360714046,0.11564351098971022,1.5893609360936096,8.65711738484398,0.014676288820851202,0.016475726233355442,0.010957319134167504,0.019498998243838397,0.014211743686808165,0.019737412553660544,-0.00960491969177002,1.5951761329265215,0.010957319134167504
oversold b1.3+0.6 rsi2<20 3d,oversold,0.170585562004544,0.327330074166658,0.516949766197239,-0.601970422845887,0.21334850051209653,0.28337864375143285,0.07576778471818657,-0.601970422845887,0.28119092646191723,0.26825722783894324,-0.4499592905813089,0.11668614848839856,1.5194779477947795,18.0481426448737,-0.0217006295695234,-0.0218253273990405,-0.016429081156756425,-0.018698769948135713,-0.006548741122898216,-0.019226524721472807,-0.015170481836689453,1.7598641483167485,-0.0218253273990405
oversold b1.3+0.6 rsi2<20 5d,oversold,0.20324189489845734,0.34123967293323865,0.5898841769120076,-0.5792697276741988,0.1951370209825377,0.35085882308140837,0.11555279149982267,-0.5792697276741988,0.24862428227244557,0.2927996383755276,-0.4661245114974024,0.12425442758110904,1.600702070207021,15.217355126300147,0.014746737438829066,0.017038435285509607,0.01288675279017426,0.019095139787344076,0.007380485137729431,0.01961008593130102,0.0013249401185397303,1.62849529721954,0.007380485137729431
oversold b1.3+0.6 rsi2<20 10d,oversold,0.20653787916016975,0.3614135564235882,0.5842999861593676,-0.6368117742618564,0.22243935297664633,0.3243311250009042,0.10554767928411501,-0.6368117742618564,0.28918414983347224,0.3108664407912203,-0.4903540940444532,0.13017136072806582,1.7424122412241225,8.634650817236254,0.008812942127232187,0.011425029683735793,0.011729231224423015,0.011764679065172215,0.017389573133411662,0.012743037130020035,0.007461511502389662,1.8232339992279305,0.008812942127232187
oversold b1.4+0.3 rsi2<5 3d,oversold,0.18289779794587746,0.29203167428997895,0.5772550595184874,-0.49597394009800166,0.1622947276176394,0.3687649353305496,0.110286463116688,-0.49597394009800166,0.2085847062762303,0.2561720722749903,-0.3981149392449317,0.09999171545025505,1.4313231323132314,3.7444279346211,0.009581537207094315,0.00980376644705791,0.005376683243143943,0.013401909376959578,0.006099016161231652,0.013391139931353768,-0.0011116797452274674,1.3922581835665846,0.005376683243143943
oversold b1.4+0.3 rsi2<5 5d,oversold,0.18760885295725194,0.2969522865041905,0.5858246249934282,-0.48731484443103557,0.15758302282721004,0.38498489241856493,0.11562349304377406,-0.48731484443103557,0.19960639979430186,0.260193405501161,-0.39686943531743135,0.10261387243542985,1.4470387038703871,3.6096285289747403,0.01597304944812919,0.016590885065767086,0.008675794708558143,0.01894958730714716,0.006103594700806569,0.018837414900363572,0.0035438973500172555,1.3585051399226478,0.006103594700806569
oversold b1.4+0.3 rsi2<5 10d,oversold,0.1884920376236603,0.3071165116609866,0.5790539221817353,-0.533206064911399,0.17159910844070125,0.3535069272983258,0.11496763731922122,-0.533206064911399,0.219457556499893,0.2627246303575552,-0.4319411947691739,0.10777358506990047,1.4840324032403238,3.250163447251115,0.008168695285371036,0.011442239349150951,0.0067382306226193844,0.017972342219533144,0.0008753806270773712,0.018049433679344334,-0.01167207250238006,1.458993817852295,0.0008753806270773712
oversold b1.4+0.3 rsi2<10 3d,oversold,0.17537681261027438,0.2996054141679661,0.5491395679624876,-0.535634304222766,0.17980374337980307,0.32741893345452455,0.09527317393405643,-0.535634304222766,0.23343493900440107,0.25678339940711736,-0.40992623376762083,0.10597544486385367,1.45978397839784,6.26068350668648,-0.005391262293563348,-0.00499836737041745,-0.00430574756049143,-0.0016076205106771296,-0.0023894619209446355,-0.0016215932525890653,-0.006496387948963123,1.5179190046343434,-0.005391262293563348
oversold b1.4+0.3 rsi2<10 5d,oversold,0.17917362473922593,0.30773586921018425,0.5531526003021252,-0.5499312065720556,0.18224419942950532,0.32581097889695665,0.10068631310014342,-0.5499312065720556,0.23514277978498418,0.25880526953094996,-0.4311065929312532,0.11039269787466831,1.487272727272727,5.766419019316494,-0.004185754189944796,-0.0021652271482325847,-0.00275097519344375,0.003832805296988942,-0.006900871933312458,0.003984283473154326,-0.015170852792761036,1.5354771646475123,-0.006900871933312458
oversold b1.4+0.3 rsi2<10 10d,oversold,0.1908338628030537,0.31805077953433125,0.5763094420762468,-0.5465372060137357,0.18295695141865273,0.3491690239991779,0.10715730525995282,-0.5465372060137357,0.2358954691641417,0.2760599194096087,-0.4441130613136317,0.11118012134639639,1.5446804680468045,4.553224368499258,0.008082587836392652,0.009213563901412203,0.006172526029435771,0.010315823381898015,0.009201681931374328,0.010395305386967965,-0.004447026563515977,1.5406051461478065,0.006172526029435771
oversold b1.4+0.3 rsi2<20 3d,oversold,0.17559161865941575,0.31162951634620883,0.540503314414572,-0.5655359599765963,0.19301824162514478,0.3104870973486501,0.08690082936446863,-0.5655359599765963,0.25162192267422173,0.26641719289825927,-0.4296702020084172,0.11155844831369209,1.5097389738973894,9.248736998514117,-0.010531324732580477,-0.009839693713853265,-0.007371418302721255,-0.009431884306370736,-0.0009945828051475814,-0.009460827329076216,-0.006835089580982667,1.6131681585622868,-0.010531324732580477
oversold b1.4+0.3 rsi2<20 5d,oversold,0.19195945436988104,0.3187762613513064,0.5787014887447073,-0.5532100791956839,0.18529950024061279,0.34699196849228103,0.10690789356716124,-0.5532100791956839,0.23746481576378647,0.2786847312200791,-0.4381020046580778,0.11531318493715859,1.5503510351035106,7.833343239227342,0.008012598980193797,0.009430066441112661,0.007109906705974889,0.010096511045571674,0.005849502288562181,0.010263799934715725,0.0011940488003250316,1.5574744838792234,0.005849502288562181
oversold b1.4+0.3 rsi2<20 10d,oversold,0.19372565447559675,0.3293716183657512,0.5750875042908242,-0.5846957835741488,0.1998034452121591,0.3313272643961683,0.10206695285457101,-0.5846957835741488,0.25882256046558594,0.28772325310321767,-0.45094853868313023,0.11881726615894399,1.6212061206120612,4.541991084695394,0.004304801412798792,0.005847465832222121,0.0062053315452716695,0.0060830877062841016,0.009903929238874842,0.006312633095014328,0.00380147316180518,1.6622949630103205,0.004304801412798792
oversold b1.4+0.6 rsi2<5 3d,oversold,0.19146502218935235,0.30724531040077074,0.5865063263935207,-0.4963467237642154,0.16283577007403593,0.38574853630001177,0.12292241778195967,-0.4963467237642154,0.2091787239336402,0.26035778798416676,-0.4101292807994483,0.10065593070788459,1.4626462646264629,7.069479940564636,0.018076415904211746,0.018132597454176086,0.00967569787785591,0.02602484372435636,0.009257700879879094,0.026022391476483303,-0.003024818174312771,1.3961340269091191,0.009257700879879094
oversold b1.4+0.6 rsi2<5 5d,oversold,0.20065569902759584,0.31742348532954123,0.6016313776822945,-0.49132623481491633,0.1542025523798179,0.40839606112867816,0.13335894685627214,-0.49132623481491633,0.1922409116916816,0.26819310262129314,-0.40782107633872666,0.1060059540888368,1.4940774077407741,6.799881129271918,0.02824141122509602,0.03116142623350182,0.016160269428084795,0.036939096161473284,0.008974830743132267,0.036522260135763776,0.005981982368722549,1.3342867073081763,0.008974830743132267
oversold b1.4+0.6 rsi2<5 10d,oversold,0.20169276976333594,0.3379714832591015,0.5879854880270037,-0.580051047265941,0.18255508883760874,0.3477155514398444,0.13122971855357646,-0.580051047265941,0.2324407953215047,0.27259700978530854,-0.47578041115727376,0.11660262773565198,1.5680648064806482,6.080950965824667,0.01306431767422317,0.02023115582542495,0.012094177437185438,0.03433304040196475,-0.0020890742089735848,0.035314139414650184,-0.02365065572272812,1.5377138965790482,-0.0020890742089735848
oversold b1.4+0.6 rsi2<10 3d,oversold,0.17580294323839207,0.3228461750455736,0.5330666638921697,-0.5738534976328861,0.19761756738490033,0.30635509579286263,0.09222239962659784,-0.5738534976328861,0.2582077074941771,0.2610040792135242,-0.43397432873209685,0.11311169104642504,1.5195679567956797,12.101991084695396,-0.0117681949285037,-0.011304502460127153,-0.01007675928212104,-0.003795096961738506,-0.008671144390054397,-0.003908350609484718,-0.01441539357220345,1.646439439691054,-0.0117681949285037
oversold b1.4+0.6 rsi2<10 5d,oversold,0.18283667846353202,0.3392080723001412,0.5409605480614542,-0.6006051369893437,0.20266103453208434,0.30442077032513964,0.10250733414967339,-0.6006051369893437,0.26185340468990637,0.2644522585133475,-0.4752765095531949,0.12213549210015165,1.5745454545454547,11.113462109955424,-0.009229563489631276,-0.006039275875547534,-0.007050934447219326,0.006689251164878049,-0.018023954868797376,0.007440299171285747,-0.031546424640751636,1.683039160609809,-0.018023954868797376
oversold b1.4+0.6 rsi2<10 10d,oversold,0.2055920500223245,0.3594697563021245,0.5831918351468353,-0.5956591813881493,0.20458978988758458,0.3451504760544513,0.1147892258739911,-0.5956591813881493,0.2641494330023497,0.29856820664172745,-0.49927697899657253,0.12371745820452422,1.6893609360936097,8.687072808320954,0.014344173663109722,0.01604264484280868,0.011185422786919474,0.019098212168028386,0.013894837593121656,0.01950062706417162,-0.009189617656247762,1.6970406414862196,0.011185422786919474
oversold b1.4+0.6 rsi2<20 3d,oversold,0.17536161470153,0.3469176663051999,0.5186288610399358,-0.6282404463136495,0.22923839968282356,0.2791313671867293,0.07486114093039742,-0.6282404463136495,0.30250406468112007,0.2793836134813006,-0.4726410901915299,0.12450026048976463,1.6194779477947796,18.078098068350673,-0.02107326222647224,-0.02160836426720969,-0.016300195479963975,-0.01765394532990626,-0.006376971324950409,-0.01857358958235264,-0.01531288505784928,1.8694561517153232,-0.02160836426720969
oversold b1.4+0.6 rsi2<20 5d,oversold,0.207814790095598,0.3608780576621353,0.5874575428700495,-0.607423978688179,0.20890486924939133,0.34212477180173967,0.11424287715871406,-0.607423978688179,0.26667812362701454,0.303844137209762,-0.48818106008165063,0.13202434807464378,1.700702070207021,15.247310549777119,0.01465002240917826,0.016835475037529968,0.01311689510442321,0.018720752203089747,0.007887374526545143,0.019539065701374328,0.0015005306917509897,1.7281111377587535,0.007887374526545143
oversold b1.4+0.6 rsi2<20 10d,oversold,0.21057709887189735,0.38117549446448096,0.5821020732333023,-0.6617330119212348,0.23637836086490874,0.3182206344225155,0.10371332425393676,-0.6617330119212348,0.30725622960143567,0.32151242676752934,-0.5115912848032318,0.13840872889196842,1.8424122412241224,8.664606240713226,0.009286142034843015,0.011786560246421052,0.011869439417531574,0.011710681585976074,0.01719424793686858,0.0130866575661438,0.0077968506685500705,1.917407329184863,0.009286142034843015
entryboost b1.2 1.6 63d,entry-boost,0.16933371356477922,0.2488320795796851,0.5844440258348642,-0.43222975063925195,0.1348892601904563,0.3917678348478809,0.1109442613977143,-0.43222975063925195,0.17247138299822698,0.22756454701823792,-0.3371039605635674,0.08471378557040575,1.2226822682268224,0.49426448736998513,0.008711609465090947,0.008990395096216464,0.005300957236754306,0.01558048600778536,0.0016379557593224903,0.015519317858151416,0.0015037454712317766,1.196020762636989,0.0016379557593224903
entryboost b1.2 1.6 126d,entry-boost,0.1682625597166887,0.2607387867631245,0.5658544914043351,-0.5378981875235009,0.15924377976831094,0.31281488508331745,0.10477159409429349,-0.5378981875235009,0.21074503197779582,0.2318687783342317,-0.3371039605635673,0.08496305847613433,1.245364536453645,0.49426448736998513,-0.01292014591309315,-0.003487168163887916,0.0003134631227772744,0.007851199166245784,0.005538836679095133,0.007898677058434445,0.0058079767872256105,1.3704022353495116,-0.01292014591309315
entryboost b1.2 1.6 252d,entry-boost,0.16904898698850257,0.27104070810513464,0.5569238088334381,-0.5577927279621354,0.17196440366594476,0.3030677499258795,0.10250083652294117,-0.5577927279621354,0.23025316372930008,0.2358954604081236,-0.3371039605635673,0.08523942153956342,1.2877047704770475,0.49426448736998524,-0.0157189427722062,-0.008150528314941563,-0.0021704639098599765,0.005569205980074821,0.009120374326913955,0.00593771593959036,0.009834658861117507,1.4616153263068083,-0.0157189427722062
entryboost b1.2 2.0 63d,entry-boost,0.17729818396081964,0.2611202886968387,0.5948402405290073,-0.43222975063925173,0.1346232777720461,0.410194309157577,0.1252102474346748,-0.43222975063925173,0.17205443118489788,0.2289433719861682,-0.3371039605635675,0.08469378870195804,1.245364536453645,0.6290638930163448,0.016676079861131426,0.017088227957440832,0.009227032987732725,0.029876467934478262,0.0030494380503294505,0.029785303895111914,0.0028825704391620133,1.1941172179595214,0.0030494380503294505
entryboost b1.2 2.0 126d,entry-boost,0.1741155071668936,0.2864476066189144,0.5569899489554118,-0.6325018380261982,0.1853238230414217,0.27528063429861804,0.1108368919061049,-0.6325018380261982,0.25061141300647644,0.23747950850856903,-0.3371039605635674,0.0853124118784516,1.2907290729072907,0.6290638930163448,-0.022960746625123152,-0.008423111652499926,-0.0017794231810192573,0.014462061409354465,0.010586855187692451,0.017715421290300903,0.011418706961562886,1.5576498428483918,-0.022960746625123152
entryboost b1.2 2.0 252d,entry-boost,0.17477530141972397,0.3075298571359451,0.5409753030344352,-0.6645671638978473,0.21647833284163912,0.26299117818976264,0.1046681666911271,-0.6645671638978473,0.2973163360855927,0.24539742145512,-0.3371039605635673,0.08596209719657259,1.3754095409540954,0.6290638930163448,-0.026908592521128538,-0.018593909178387713,-0.007092488991279594,0.011643786004694068,0.017458304853388645,0.014312633195104674,0.019336619908113917,1.7818990118642717,-0.026908592521128538
entryboost b1.3 1.6 63d,entry-boost,0.17380045447386294,0.2659569383315474,0.5777769008641988,-0.4653082568443927,0.14890213564163932,0.37351680722911584,0.10789104084868995,-0.4653082568443927,0.19079980769478866,0.23995241356817054,-0.3619637766394518,0.09270120075687023,1.3170117011701172,0.4905200594353641,0.006489435174194841,0.0067320622410009245,0.004181908281290642,0.01153075892837456,0.001240488926537442,0.011493702878145218,0.0011273647690611122,1.296314065942449,0.001240488926537442
entryboost b1.3 1.6 126d,entry-boost,0.17289830604003975,0.27467445212920755,0.5652058985707601,-0.5378981875235009,0.1668821061444843,0.3214331448783433,0.10309489060870725,-0.5378981875235009,0.21916533604917401,0.24320257499938625,-0.361963776639452,0.09286299920486206,1.3340234023402342,0.4905200594353641,-0.008284399589742086,-0.0021640060437967124,0.0005559054813298325,0.00609864013392937,0.004235437743771359,0.006221973572848205,0.004377526200276705,1.4251539237447857,-0.008284399589742086
entryboost b1.3 1.6 252d,entry-boost,0.17340432423029672,0.282314547946365,0.5589659400774589,-0.5577927279621354,0.17634412197290483,0.3108759141837861,0.10124419578177446,-0.5577927279621354,0.23380527778464802,0.24623174336768483,-0.3619637766394518,0.09305784344056255,1.365778577857786,0.4905200594353641,-0.011363605530412046,-0.005590227983504753,-0.0012587999889783485,0.0043693183415265124,0.006959170544474924,0.004681075198423645,0.0074066945685754,1.493045982326001,-0.011363605530412046
entryboost b1.3 2.0 63d,entry-boost,0.1817953505853085,0.2774867199829352,0.5894344354154124,-0.46530825684439225,0.148486868630926,0.39069874198708715,0.1221178229711084,-0.46530825684439225,0.19015613986654728,0.2413451537411655,-0.361963776639452,0.0926581274949414,1.33969396939694,0.6253194650817236,0.014484331285640473,0.014922677518308225,0.008583864254395585,0.025787793622896946,0.0027017062030303407,0.02572048500056369,0.0025201049420559563,1.293340745823379,0.0027017062030303407
entryboost b1.3 2.0 126d,entry-boost,0.17877448059742096,0.29918701285396815,0.5590345139672136,-0.6325018380261982,0.19221582607160234,0.28264657879146926,0.10915098657859201,-0.6325018380261982,0.25818563865203853,0.24886492755382394,-0.3619637766394519,0.09315263775344616,1.3793879387938794,0.6253194650817236,-0.018301773194595805,-0.006364407294468605,-0.0007927019742381414,0.013132282861111219,0.009443756263452313,0.01602951596278801,0.01003987875471446,1.6073635265665256,-0.018301773194595805
entryboost b1.3 2.0 252d,entry-boost,0.17915197403486727,0.3175094030093147,0.5455626060676176,-0.6645671638978473,0.2197242038185532,0.2695769273102474,0.10340905815454082,-0.6645671638978473,0.2997117485520425,0.25581317399322656,-0.3619637766394518,0.09368531668790485,1.4534833483348335,0.6253194650817236,-0.022531919905985243,-0.015194851825027306,-0.005366179127763243,0.010616029089959927,0.015556981373599926,0.01305352465851839,0.016988125194117132,1.8046249723582595,-0.022531919905985243
entryboost b1.4 1.6 63d,entry-boost,0.17786496717281364,0.28329176932053085,0.5714924914816045,-0.49728249976097083,0.1629437013788303,0.35767389212029005,0.10447440386655948,-0.49728249976097083,0.20916833414125396,0.2519966414914778,-0.3862576928847833,0.10069160519437441,1.4113411341134114,0.48677563150074293,0.004294756295280144,0.004484985923818657,0.002910594419921475,0.007577057543599816,0.000841393348994468,0.00756257160675157,0.0007509160418526784,1.3969072099083324,0.000841393348994468
entryboost b1.4 1.6 126d,entry-boost,0.17719731419993545,0.28897148589489813,0.5639138276819399,-0.5378981875235009,0.1747623258846534,0.32942537883564377,0.10116713871266736,-0.5378981875235009,0.22787830577070048,0.254177349471844,-0.3862576928847834,0.10078423339119853,1.422682268226823,0.48677563150074293,-0.0039853914298463855,-0.00114893550578965,0.0005543043072858689,0.00419937410946232,0.0028795668413191255,0.0042942216768083186,0.002931624022218804,1.4816943644232405,-0.0039853914298463855
entryboost b1.4 1.6 252d,entry-boost,0.1774782523450038,0.2940055731679459,0.5600553922881759,-0.5577927279621354,0.1810116361076664,0.3181795736086605,0.09983538534401748,-0.5577927279621354,0.23763094435529686,0.25620211289087136,-0.3862576928847834,0.10090724620406567,1.4438523852385239,0.48677563150074293,-0.007289677415704965,-0.0033738927047257394,-0.000609262159176005,0.0030287824775465655,0.004716612775928997,0.0032722647606666655,0.004956387441246157,1.5266093368356362,-0.007289677415704965
entryboost b1.4 2.0 63d,entry-boost,0.18588754939080476,0.2941417998480272,0.584057047440153,-0.49728249976097083,0.16237454178384272,0.3738067385845178,0.11865731530761892,-0.49728249976097083,0.20828910452173954,0.25340291090530065,-0.3862576928847832,0.10062930651625718,1.4340234023402343,0.6215750371471026,0.01231733851327127,0.012758350305479976,0.007760945364151922,0.02177924088506203,0.002343990982261901,0.021745483047811,0.0021571854556755587,1.3928299449894854,0.002343990982261901
entryboost b1.4 2.0 126d,entry-boost,0.18309502883608997,0.31236297905815164,0.5601281066842471,-0.6325018380261982,0.1993822633845452,0.2894774652473123,0.1072126545494525,-0.6325018380261982,0.2660793074619485,0.2598896892022402,-0.3862576928847834,0.10100935033847015,1.4680468046804682,0.6215750371471026,-0.013981224955926796,-0.004636098514635922,-6.199481510299476e-05,0.011650535253352537,0.008248378234653353,0.014091183933648499,0.008643963752615003,1.659237463111222,-0.013981224955926796
entryboost b1.4 2.0 252d,entry-boost,0.18324585911789182,0.32794689107364455,0.5491024879339956,-0.6645671638978473,0.22321454873379584,0.27573715505760243,0.1019974807747055,-0.6645671638978473,0.3023080357650364,0.26586019984957443,-0.3862576928847834,0.10143983656317958,1.5315571557155718,0.6215750371471026,-0.01843803482296069,-0.012085695933389679,-0.003924909450506192,0.009461255988352013,0.013561967141110964,0.011641947278683062,0.014614474399949229,1.8285470180840222,-0.01843803482296069
"dipcalm b1.2 +0.2@5,+0.4@10 v<0.22",dip-calm,0.17329953933797593,0.2607676059916809,0.5825168425510557,-0.43222975063925184,0.14720057608008313,0.40094310741375927,0.10118386329804019,-0.43222975063925184,0.18886768689183372,0.2460796485452621,-0.34740161438761363,0.09084625800770794,1.3798019801980195,2.0070133729569095,0.012677435238287682,0.0070331077941651055,0.005341222573106208,0.00491439160831314,0.010316678798826862,0.00575891975847731,0.0147267232558774,1.284130865380766,0.00491439160831314
"dipcalm b1.2 +0.2@5,+0.4@10 v<0.26",dip-calm,0.1793393408367998,0.26908405781187145,0.5918102716474368,-0.43222975063925184,0.15018711139962387,0.41491669782462576,0.10075865275664353,-0.43222975063925184,0.19539219154327828,0.25907153141055894,-0.3347488135016269,0.08720642500592601,1.4096129612961295,2.531233283803864,0.018717236737111564,0.011676956116387804,0.008724560979567919,0.0042301061379147326,0.02912814701099456,0.005333709217080651,0.034222944146569734,1.305517986514172,0.0042301061379147326
"dipcalm b1.2 +0.2@5,+0.4@10 v<0.3",dip-calm,0.17678011505671298,0.27491505181968434,0.5771550352488052,-0.43222975063925184,0.15423480393841518,0.4089957130328528,0.10419344525839613,-0.43222975063925184,0.19577059594623314,0.25005216568098065,-0.3288993692089458,0.09932491908893244,1.4289468946894688,2.3215453194650824,0.016158010957024738,0.007271128748999045,0.004363361065589905,0.0076518464773284445,0.0010101315432818614,0.008768501718833255,0.028214337292259944,1.3345177743538714,0.0010101315432818614
"dipcalm b1.3 +0.2@5,+0.4@10 v<0.22",dip-calm,0.17959123882010752,0.2805218952595344,0.5796727201338248,-0.4653082568443926,0.1609545363546342,0.3859618568517387,0.1015652569738239,-0.4653082568443926,0.2068642556421091,0.25872059758693156,-0.37192225870729323,0.09865244353850118,1.4798019801980196,2.0369687964338783,0.01228021952043945,0.00708772018908152,0.005462392176135977,0.004718413921420833,0.010718366770118198,0.0051679190032791755,0.014797928569431407,1.3826575111553328,0.004718413921420833
"dipcalm b1.3 +0.2@5,+0.4@10 v<0.26",dip-calm,0.18547426360899677,0.28881872697499233,0.5884526481425127,-0.4653082568443926,0.16381281459570757,0.3986051416040586,0.10093747027585742,-0.4653082568443926,0.21320911072217105,0.2716706767972963,-0.35980345228765465,0.09493311371547404,1.5096129612961295,2.5611887072808326,0.018163244309328697,0.011717946028762527,0.008875087077250099,0.003994036759592548,0.029458452006695723,0.004540132305312694,0.033953825030114515,1.4031373969730403,0.003994036759592548
"dipcalm b1.3 +0.2@5,+0.4@10 v<0.3",dip-calm,0.18276481067466266,0.2946466502615807,0.5748513768654889,-0.4653082568443926,0.16771404049243274,0.39278222121852974,0.1042790507975293,-0.4653082568443926,0.21343304463047116,0.26237798686196556,-0.3542286068541247,0.10696598526149707,1.5289468946894689,2.351500742942051,0.015453791374994585,0.007348507557875417,0.004493342502643216,0.007333523549027596,0.0017307850884465403,0.007881712826984577,0.027520903424365417,1.4311215239394437,0.0017307850884465403
"dipcalm b1.4 +0.2@5,+0.4@10 v<0.22",dip-calm,0.18544329788041725,0.30029583432312423,0.5771649816809367,-0.4972824997609717,0.17471594598316273,0.3729133801602793,0.10148571790813654,-0.4972824997609717,0.22486374807749848,0.27100545921301933,-0.39588264862368905,0.10647067840435342,1.57980198019802,2.0669242199108466,0.011873087002883587,0.007116057076461513,0.005570348680716819,0.004508097617830317,0.011095482225219722,0.004573885648328613,0.014858449204812774,1.4813615232157042,0.004508097617830317
"dipcalm b1.4 +0.2@5,+0.4@10 v<0.26",dip-calm,0.19116528464003135,0.30857502326304437,0.5854834270659021,-0.4972824997609717,0.1774340105532855,0.3844198915745448,0.10065524506958545,-0.4972824997609717,0.23101279686683576,0.2839067312665531,-0.3842819646490164,0.10267158323044158,1.6096129612961299,2.5911441307578005,0.017595073762497693,0.011725849825385992,0.009010101970006734,0.003735751394154982,0.029728853824920964,0.0037434128097775243,0.03366989042381585,1.5008696715141954,0.003735751394154982
"dipcalm b1.4 +0.2@5,+0.4@10 v<0.3",dip-calm,0.18830507225053106,0.31439985962827305,0.5727974592810354,-0.4972824997609717,0.1812037037674891,0.3786682063837828,0.10390228072159835,-0.4972824997609717,0.23109721099938565,0.2743393558507947,-0.37897229514595043,0.11462408333242716,1.6289468946894692,2.381456166419019,0.014734861372997399,0.007377084733574096,0.004609333118146652,0.006984135753966225,0.0024932574145328235,0.006990448461790422,0.02681384125846467,1.5279911911431265,0.0024932574145328235
vt+dip 0.24 +0.2@10,vt+dip,0.16810138451282897,0.27028491424810247,0.5550049236318139,-0.40770556311973716,0.14698706946743023,0.41231074510371607,0.09207387590095317,-0.40770556311973716,0.1826314967711233,0.24511886083485956,-0.3573843922175013,0.10118084989647022,1.5221262524795194,2.7048523571801506,0.012572561781811459,0.0019355806014963728,-0.002884500551114777,-0.0039024930687015513,-0.006784158363407677,-0.0023536437236282015,0.008642931611354432,1.282602153755287,-0.006784158363407677
"vt+dip 0.24 +0.2@5,+0.4@10",vt+dip,0.17954740773241973,0.29868315643435167,0.5619210678809845,-0.4678969123428983,0.16591227186265997,0.3837328330152313,0.09609100724653685,-0.4678969123428983,0.21100843436875327,0.2645924936164754,-0.39653897431536556,0.10563059207304554,1.6254568744058437,3.2867679064994326,0.011725344392509968,0.0048977635953517396,0.00011916770717465552,-0.0008318504352822359,0.00593291818611813,-0.0003568227916370681,0.008111265034669468,1.4181971449277158,-0.0008318504352822359
vt+dip 0.28 +0.2@10,vt+dip,0.18285432162836024,0.2884394097231112,0.5813045377536418,-0.40770556311973716,0.1552536714873405,0.44849601812928563,0.09848314959114357,-0.40770556311973716,0.19040913700760412,0.26888347937654067,-0.36805690067753083,0.11114773318340518,1.6507748188619131,2.472031758032684,0.02732549889734273,0.012880516806130948,0.006365759429275003,0.002141229304910827,0.002072629707816409,0.004055629966562196,0.026939437935974725,1.3418174747319076,0.002072629707816409
"vt+dip 0.28 +0.2@5,+0.4@10",vt+dip,0.19136453730740266,0.31336577918349445,0.5818748419688363,-0.4678969123428983,0.17352091099406133,0.40898867305873804,0.10307999173287552,-0.4678969123428983,0.21738069569872032,0.2816466979636556,-0.409735193356354,0.11669091710647027,1.7278738975740744,2.926605580403263,0.0235424739674929,0.013527084148281632,0.007942292435099668,0.00609755482489395,0.006833884168595705,0.006632161694701599,0.018463890814451656,1.472785461688264,0.00609755482489395
vt+dip 0.32 +0.2@10,vt+dip,0.19078176520119738,0.3052098644931609,0.5876940947794131,-0.40770556311973694,0.16462049489284464,0.4679400588536185,0.10451203080440608,-0.40770556311973694,0.19874005060948058,0.2788501763500435,-0.3784313759461204,0.12294866543077915,1.7497212408159872,2.0492059830639846,0.03525294247017993,0.01668177677315813,0.009553731817990824,0.00786800772800765,-0.004755434423274807,0.010084511179824715,0.03160087639310677,1.4089310189220587,-0.004755434423274807
"vt+dip 0.32 +0.2@5,+0.4@10",vt+dip,0.1973586454618248,0.3268295155519537,0.586569534125752,-0.46789691234289843,0.18018883097843158,0.42179941832398854,0.10773836257756053,-0.46789691234289843,0.22271668488323898,0.2890785904096107,-0.41761694714532405,0.12643791350307645,1.8044913787822479,2.4401155887547463,0.02953658212191501,0.016831404516753856,0.0104707010284803,0.010753722755640502,0.0006640872826130795,0.011290532539386597,0.02190813006680853,1.5206895645371252,0.0006640872826130795
